1|AR-5381||||Adjustable Race||False|NA|1000|750|||NA||0||||||2003-07-01 00:00:00||Current
2|BA-8327||||Bearing Ball||False|NA|1000|750|||NA||0||||||2003-07-01 00:00:00||Current
3|BE-2349||||BB Ball Bearing||False|NA|800|600|||NA||1||||||2003-07-01 00:00:00||Current
4|BE-2908||||Headset Ball Bearings||False|NA|800|600|||NA||0||||||2003-07-01 00:00:00||Current
5|BL-2036||||Blade||False|NA|800|600|||NA||1||||||2003-07-01 00:00:00||Current
6|CA-5965||||LL Crankarm||False|Black|500|375|||NA||0|||L |||2003-07-01 00:00:00||Current
7|CA-6738||||ML Crankarm||False|Black|500|375|||NA||0|||M |||2003-07-01 00:00:00||Current
8|CA-7457||||HL Crankarm||False|Black|500|375|||NA||0||||||2003-07-01 00:00:00||Current
9|CB-2903||||Chainring Bolts||False|Silver|1000|750|||NA||0||||||2003-07-01 00:00:00||Current
10|CN-6137||||Chainring Nut||False|Silver|1000|750|||NA||0||||||2003-07-01 00:00:00||Current
11|CR-7833||||Chainring||False|Black|1000|750|||NA||0||||||2003-07-01 00:00:00||Current
12|CR-9981||||Crown Race||False|NA|1000|750|||NA||0||||||2003-07-01 00:00:00||Current
13|CS-2812||||Chain Stays||False|NA|1000|750|||NA||1||||||2003-07-01 00:00:00||Current
14|DC-8732||||Decal 1||False|NA|1000|750|||NA||0||||||2003-07-01 00:00:00||Current
15|DC-9824||||Decal 2||False|NA|1000|750|||NA||0||||||2003-07-01 00:00:00||Current
16|DT-2377||||Down Tube||False|NA|800|600|||NA||1||||||2003-07-01 00:00:00||Current
17|EC-M092||||Mountain End Caps||False|NA|1000|750|||NA||1||||||2003-07-01 00:00:00||Current
18|EC-R098||||Road End Caps||False|NA|1000|750|||NA||1||||||2003-07-01 00:00:00||Current
19|EC-T209||||Touring End Caps||False|NA|1000|750|||NA||1||||||2003-07-01 00:00:00||Current
20|FE-3760||||Fork End||False|NA|800|600|||NA||1||||||2003-07-01 00:00:00||Current
21|FH-2981||||Freewheel||False|Silver|500|375|||NA||0||||||2003-07-01 00:00:00||Current
22|FW-1000||||Flat Washer 1||False|NA|1000|750|||NA||0||||||2003-07-01 00:00:00||Current
23|FW-1200||||Flat Washer 6||False|NA|1000|750|||NA||0||||||2003-07-01 00:00:00||Current
24|FW-1400||||Flat Washer 2||False|NA|1000|750|||NA||0||||||2003-07-01 00:00:00||Current
25|FW-3400||||Flat Washer 9||False|NA|1000|750|||NA||0||||||2003-07-01 00:00:00||Current
26|FW-3800||||Flat Washer 4||False|NA|1000|750|||NA||0||||||2003-07-01 00:00:00||Current
27|FW-5160||||Flat Washer 3||False|NA|1000|750|||NA||0||||||2003-07-01 00:00:00||Current
28|FW-5800||||Flat Washer 8||False|NA|1000|750|||NA||0||||||2003-07-01 00:00:00||Current
29|FW-7160||||Flat Washer 5||False|NA|1000|750|||NA||0||||||2003-07-01 00:00:00||Current
30|FW-9160||||Flat Washer 7||False|NA|1000|750|||NA||0||||||2003-07-01 00:00:00||Current
31|FC-3654||||Fork Crown||False|NA|800|600|||NA||1||||||2003-07-01 00:00:00||Current
32|FC-3982||||Front Derailleur Cage||False|Silver|800|600|||NA||0||||||2003-07-01 00:00:00||Current
33|FL-2301||||Front Derailleur Linkage||False|Silver|800|600|||NA||0||||||2003-07-01 00:00:00||Current
34|GP-0982||||Guide Pulley||False|NA|800|600|||NA||0||||||2003-07-01 00:00:00||Current
35|GT-0820||||LL Grip Tape||False|NA|800|600|||NA||0|||L |||2003-07-01 00:00:00||Current
36|GT-1209||||ML Grip Tape||False|NA|800|600|||NA||0|||M |||2003-07-01 00:00:00||Current
37|GT-2908||||HL Grip Tape||False|NA|800|600|||NA||0||||||2003-07-01 00:00:00||Current
38|HJ-1213||||Thin-Jam Hex Nut 9||False|NA|1000|750|||NA||0||||||2003-07-01 00:00:00||Current
39|HJ-1220||||Thin-Jam Hex Nut 10||False|NA|1000|750|||NA||0||||||2003-07-01 00:00:00||Current
40|HJ-1420||||Thin-Jam Hex Nut 1||False|NA|1000|750|||NA||0||||||2003-07-01 00:00:00||Current
41|HJ-1428||||Thin-Jam Hex Nut 2||False|NA|1000|750|||NA||0||||||2003-07-01 00:00:00||Current
42|HJ-3410||||Thin-Jam Hex Nut 15||False|NA|1000|750|||NA||0||||||2003-07-01 00:00:00||Current
43|HJ-3416||||Thin-Jam Hex Nut 16||False|NA|1000|750|||NA||0||||||2003-07-01 00:00:00||Current
44|HJ-3816||||Thin-Jam Hex Nut 5||False|NA|1000|750|||NA||0||||||2003-07-01 00:00:00||Current
45|HJ-3824||||Thin-Jam Hex Nut 6||False|NA|1000|750|||NA||0||||||2003-07-01 00:00:00||Current
46|HJ-5161||||Thin-Jam Hex Nut 3||False|NA|1000|750|||NA||0||||||2003-07-01 00:00:00||Current
47|HJ-5162||||Thin-Jam Hex Nut 4||False|NA|1000|750|||NA||0||||||2003-07-01 00:00:00||Current
48|HJ-5811||||Thin-Jam Hex Nut 13||False|NA|1000|750|||NA||0||||||2003-07-01 00:00:00||Current
49|HJ-5818||||Thin-Jam Hex Nut 14||False|NA|1000|750|||NA||0||||||2003-07-01 00:00:00||Current
50|HJ-7161||||Thin-Jam Hex Nut 7||False|NA|1000|750|||NA||0||||||2003-07-01 00:00:00||Current
51|HJ-7162||||Thin-Jam Hex Nut 8||False|NA|1000|750|||NA||0||||||2003-07-01 00:00:00||Current
52|HJ-9080||||Thin-Jam Hex Nut 12||False|NA|1000|750|||NA||0||||||2003-07-01 00:00:00||Current
53|HJ-9161||||Thin-Jam Hex Nut 11||False|NA|1000|750|||NA||0||||||2003-07-01 00:00:00||Current
54|HN-1024||||Hex Nut 5||False|NA|1000|750|||NA||0||||||2003-07-01 00:00:00||Current
55|HN-1032||||Hex Nut 6||False|NA|1000|750|||NA||0||||||2003-07-01 00:00:00||Current
56|HN-1213||||Hex Nut 16||False|NA|1000|750|||NA||0||||||2003-07-01 00:00:00||Current
57|HN-1220||||Hex Nut 17||False|NA|1000|750|||NA||0||||||2003-07-01 00:00:00||Current
58|HN-1224||||Hex Nut 7||False|NA|1000|750|||NA||0||||||2003-07-01 00:00:00||Current
59|HN-1420||||Hex Nut 8||False|NA|1000|750|||NA||0||||||2003-07-01 00:00:00||Current
60|HN-1428||||Hex Nut 9||False|NA|1000|750|||NA||0||||||2003-07-01 00:00:00||Current
61|HN-3410||||Hex Nut 22||False|NA|1000|750|||NA||0||||||2003-07-01 00:00:00||Current
62|HN-3416||||Hex Nut 23||False|NA|1000|750|||NA||0||||||2003-07-01 00:00:00||Current
63|HN-3816||||Hex Nut 12||False|NA|1000|750|||NA||0||||||2003-07-01 00:00:00||Current
64|HN-3824||||Hex Nut 13||False|NA|1000|750|||NA||0||||||2003-07-01 00:00:00||Current
65|HN-4402||||Hex Nut 1||False|NA|1000|750|||NA||0||||||2003-07-01 00:00:00||Current
66|HN-5161||||Hex Nut 10||False|NA|1000|750|||NA||0||||||2003-07-01 00:00:00||Current
67|HN-5162||||Hex Nut 11||False|NA|1000|750|||NA||0||||||2003-07-01 00:00:00||Current
68|HN-5400||||Hex Nut 2||False|NA|1000|750|||NA||0||||||2003-07-01 00:00:00||Current
69|HN-5811||||Hex Nut 20||False|NA|1000|750|||NA||0||||||2003-07-01 00:00:00||Current
70|HN-5818||||Hex Nut 21||False|NA|1000|750|||NA||0||||||2003-07-01 00:00:00||Current
71|HN-6320||||Hex Nut 3||False|NA|1000|750|||NA||0||||||2003-07-01 00:00:00||Current
72|HN-7161||||Hex Nut 14||False|NA|1000|750|||NA||0||||||2003-07-01 00:00:00||Current
73|HN-7162||||Hex Nut 15||False|NA|1000|750|||NA||0||||||2003-07-01 00:00:00||Current
74|HN-8320||||Hex Nut 4||False|NA|1000|750|||NA||0||||||2003-07-01 00:00:00||Current
75|HN-9161||||Hex Nut 18||False|NA|1000|750|||NA||0||||||2003-07-01 00:00:00||Current
76|HN-9168||||Hex Nut 19||False|NA|1000|750|||NA||0||||||2003-07-01 00:00:00||Current
77|HT-2981||||Handlebar Tube||False|NA|800|600|||NA||1||||||2003-07-01 00:00:00||Current
78|HT-8019||||Head Tube||False|NA|800|600|||NA||1||||||2003-07-01 00:00:00||Current
79|HU-6280||||LL Hub||False|NA|500|375|||NA||1|||L |||2003-07-01 00:00:00||Current
80|HU-8998||||HL Hub||False|NA|500|375|||NA||1||||||2003-07-01 00:00:00||Current
81|KW-4091||||Keyed Washer||False|NA|1000|750|||NA||0||||||2003-07-01 00:00:00||Current
82|LE-1000||||External Lock Washer 3||False|NA|1000|750|||NA||0||||||2003-07-01 00:00:00||Current
83|LE-1200||||External Lock Washer 4||False|NA|1000|750|||NA||0||||||2003-07-01 00:00:00||Current
84|LE-1201||||External Lock Washer 9||False|NA|1000|750|||NA||0||||||2003-07-01 00:00:00||Current
85|LE-1400||||External Lock Washer 5||False|NA|1000|750|||NA||0||||||2003-07-01 00:00:00||Current
86|LE-3800||||External Lock Washer 7||False|NA|1000|750|||NA||0||||||2003-07-01 00:00:00||Current
87|LE-5160||||External Lock Washer 6||False|NA|1000|750|||NA||0||||||2003-07-01 00:00:00||Current
88|LE-6000||||External Lock Washer 1||False|NA|1000|750|||NA||0||||||2003-07-01 00:00:00||Current
89|LE-7160||||External Lock Washer 8||False|NA|1000|750|||NA||0||||||2003-07-01 00:00:00||Current
90|LE-8000||||External Lock Washer 2||False|NA|1000|750|||NA||0||||||2003-07-01 00:00:00||Current
91|LI-1000||||Internal Lock Washer 3||False|NA|1000|750|||NA||0||||||2003-07-01 00:00:00||Current
92|LI-1200||||Internal Lock Washer 4||False|NA|1000|750|||NA||0||||||2003-07-01 00:00:00||Current
93|LI-1201||||Internal Lock Washer 9||False|NA|1000|750|||NA||0||||||2003-07-01 00:00:00||Current
94|LI-1400||||Internal Lock Washer 5||False|NA|1000|750|||NA||0||||||2003-07-01 00:00:00||Current
95|LI-3800||||Internal Lock Washer 7||False|NA|1000|750|||NA||0||||||2003-07-01 00:00:00||Current
96|LI-5160||||Internal Lock Washer 6||False|NA|1000|750|||NA||0||||||2003-07-01 00:00:00||Current
97|LI-5800||||Internal Lock Washer 10||False|NA|1000|750|||NA||0||||||2003-07-01 00:00:00||Current
98|LI-6000||||Internal Lock Washer 1||False|NA|1000|750|||NA||0||||||2003-07-01 00:00:00||Current
99|LI-7160||||Internal Lock Washer 8||False|NA|1000|750|||NA||0||||||2003-07-01 00:00:00||Current
100|LI-8000||||Internal Lock Washer 2||False|NA|1000|750|||NA||0||||||2003-07-01 00:00:00||Current
101|LJ-1213||||Thin-Jam Lock Nut 9||False|NA|1000|750|||NA||0||||||2003-07-01 00:00:00||Current
102|LJ-1220||||Thin-Jam Lock Nut 10||False|NA|1000|750|||NA||0||||||2003-07-01 00:00:00||Current
103|LJ-1420||||Thin-Jam Lock Nut 1||False|NA|1000|750|||NA||0||||||2003-07-01 00:00:00||Current
104|LJ-1428||||Thin-Jam Lock Nut 2||False|NA|1000|750|||NA||0||||||2003-07-01 00:00:00||Current
105|LJ-3410||||Thin-Jam Lock Nut 15||False|NA|1000|750|||NA||0||||||2003-07-01 00:00:00||Current
106|LJ-3416||||Thin-Jam Lock Nut 16||False|NA|1000|750|||NA||0||||||2003-07-01 00:00:00||Current
107|LJ-3816||||Thin-Jam Lock Nut 5||False|NA|1000|750|||NA||0||||||2003-07-01 00:00:00||Current
108|LJ-3824||||Thin-Jam Lock Nut 6||False|NA|1000|750|||NA||0||||||2003-07-01 00:00:00||Current
109|LJ-5161||||Thin-Jam Lock Nut 3||False|NA|1000|750|||NA||0||||||2003-07-01 00:00:00||Current
110|LJ-5162||||Thin-Jam Lock Nut 4||False|NA|1000|750|||NA||0||||||2003-07-01 00:00:00||Current
111|LJ-5811||||Thin-Jam Lock Nut 13||False|NA|1000|750|||NA||0||||||2003-07-01 00:00:00||Current
112|LJ-5818||||Thin-Jam Lock Nut 14||False|NA|1000|750|||NA||0||||||2003-07-01 00:00:00||Current
113|LJ-7161||||Thin-Jam Lock Nut 7||False|NA|1000|750|||NA||0||||||2003-07-01 00:00:00||Current
114|LJ-7162||||Thin-Jam Lock Nut 8||False|NA|1000|750|||NA||0||||||2003-07-01 00:00:00||Current
115|LJ-9080||||Thin-Jam Lock Nut 12||False|NA|1000|750|||NA||0||||||2003-07-01 00:00:00||Current
116|LJ-9161||||Thin-Jam Lock Nut 11||False|NA|1000|750|||NA||0||||||2003-07-01 00:00:00||Current
117|LN-1024||||Lock Nut 5||False|NA|1000|750|||NA||0||||||2003-07-01 00:00:00||Current
118|LN-1032||||Lock Nut 6||False|NA|1000|750|||NA||0||||||2003-07-01 00:00:00||Current
119|LN-1213||||Lock Nut 16||False|NA|1000|750|||NA||0||||||2003-07-01 00:00:00||Current
120|LN-1220||||Lock Nut 17||False|NA|1000|750|||NA||0||||||2003-07-01 00:00:00||Current
121|LN-1224||||Lock Nut 7||False|NA|1000|750|||NA||0||||||2003-07-01 00:00:00||Current
122|LN-1420||||Lock Nut 8||False|NA|1000|750|||NA||0||||||2003-07-01 00:00:00||Current
123|LN-1428||||Lock Nut 9||False|NA|1000|750|||NA||0||||||2003-07-01 00:00:00||Current
124|LN-3410||||Lock Nut 22||False|NA|1000|750|||NA||0||||||2003-07-01 00:00:00||Current
125|LN-3416||||Lock Nut 23||False|NA|1000|750|||NA||0||||||2003-07-01 00:00:00||Current
126|LN-3816||||Lock Nut 12||False|NA|1000|750|||NA||0||||||2003-07-01 00:00:00||Current
127|LN-3824||||Lock Nut 13||False|NA|1000|750|||NA||0||||||2003-07-01 00:00:00||Current
128|LN-4400||||Lock Nut 1||False|NA|1000|750|||NA||0||||||2003-07-01 00:00:00||Current
129|LN-5161||||Lock Nut 10||False|NA|1000|750|||NA||0||||||2003-07-01 00:00:00||Current
130|LN-5162||||Lock Nut 11||False|NA|1000|750|||NA||0||||||2003-07-01 00:00:00||Current
131|LN-5400||||Lock Nut 2||False|NA|1000|750|||NA||0||||||2003-07-01 00:00:00||Current
132|LN-5811||||Lock Nut 20||False|NA|1000|750|||NA||0||||||2003-07-01 00:00:00||Current
133|LN-5818||||Lock Nut 21||False|NA|1000|750|||NA||0||||||2003-07-01 00:00:00||Current
134|LN-6320||||Lock Nut 3||False|NA|1000|750|||NA||0||||||2003-07-01 00:00:00||Current
135|LN-7161||||Lock Nut 14||False|NA|1000|750|||NA||0||||||2003-07-01 00:00:00||Current
136|LN-7162||||Lock Nut 15||False|NA|1000|750|||NA||0||||||2003-07-01 00:00:00||Current
137|LN-8320||||Lock Nut 4||False|NA|1000|750|||NA||0||||||2003-07-01 00:00:00||Current
138|LN-9080||||Lock Nut 19||False|NA|1000|750|||NA||0||||||2003-07-01 00:00:00||Current
139|LN-9161||||Lock Nut 18||False|NA|1000|750|||NA||0||||||2003-07-01 00:00:00||Current
140|LR-2398||||Lock Ring||False|Silver|1000|750|||NA||0||||||2003-07-01 00:00:00||Current
141|LR-8520||||Lower Head Race||False|NA|1000|750|||NA||0||||||2003-07-01 00:00:00||Current
142|LW-1000||||Lock Washer 4||False|NA|1000|750|||NA||0||||||2003-07-01 00:00:00||Current
143|LW-1200||||Lock Washer 5||False|NA|1000|750|||NA||0||||||2003-07-01 00:00:00||Current
144|LW-1201||||Lock Washer 10||False|NA|1000|750|||NA||0||||||2003-07-01 00:00:00||Current
145|LW-1400||||Lock Washer 6||False|NA|1000|750|||NA||0||||||2003-07-01 00:00:00||Current
146|LW-3400||||Lock Washer 13||False|NA|1000|750|||NA||0||||||2003-07-01 00:00:00||Current
147|LW-3800||||Lock Washer 8||False|NA|1000|750|||NA||0||||||2003-07-01 00:00:00||Current
148|LW-4000||||Lock Washer 1||False|NA|1000|750|||NA||0||||||2003-07-01 00:00:00||Current
149|LW-5160||||Lock Washer 7||False|NA|1000|750|||NA||0||||||2003-07-01 00:00:00||Current
150|LW-5800||||Lock Washer 12||False|NA|1000|750|||NA||0||||||2003-07-01 00:00:00||Current
151|LW-6000||||Lock Washer 2||False|NA|1000|750|||NA||0||||||2003-07-01 00:00:00||Current
152|LW-7160||||Lock Washer 9||False|NA|1000|750|||NA||0||||||2003-07-01 00:00:00||Current
153|LW-8000||||Lock Washer 3||False|NA|1000|750|||NA||0||||||2003-07-01 00:00:00||Current
154|LW-9160||||Lock Washer 11||False|NA|1000|750|||NA||0||||||2003-07-01 00:00:00||Current
155|MA-7075||||Metal Angle||False|NA|1000|750|||NA||0||||||2003-07-01 00:00:00||Current
156|MB-2024||||Metal Bar 1||False|NA|1000|750|||NA||0||||||2003-07-01 00:00:00||Current
157|MB-6061||||Metal Bar 2||False|NA|1000|750|||NA||0||||||2003-07-01 00:00:00||Current
158|MP-2066||||Metal Plate 2||False|NA|1000|750|||NA||0||||||2003-07-01 00:00:00||Current
159|MP-2503||||Metal Plate 1||False|NA|1000|750|||NA||0||||||2003-07-01 00:00:00||Current
160|MP-4960||||Metal Plate 3||False|NA|1000|750|||NA||0||||||2003-07-01 00:00:00||Current
161|MS-0253||||Metal Sheet 2||False|NA|1000|750|||NA||0||||||2003-07-01 00:00:00||Current
162|MS-1256||||Metal Sheet 3||False|NA|1000|750|||NA||0||||||2003-07-01 00:00:00||Current
163|MS-1981||||Metal Sheet 7||False|NA|1000|750|||NA||0||||||2003-07-01 00:00:00||Current
164|MS-2259||||Metal Sheet 4||False|NA|1000|750|||NA||0||||||2003-07-01 00:00:00||Current
165|MS-2341||||Metal Sheet 5||False|NA|1000|750|||NA||0||||||2003-07-01 00:00:00||Current
166|MS-2348||||Metal Sheet 6||False|NA|1000|750|||NA||0||||||2003-07-01 00:00:00||Current
167|MS-6061||||Metal Sheet 1||False|NA|1000|750|||NA||0||||||2003-07-01 00:00:00||Current
168|MT-1000||||Metal Tread Plate||False|NA|1000|750|||NA||0||||||2003-07-01 00:00:00||Current
169|NI-4127||||LL Nipple||False|NA|1000|750|||NA||0|||L |||2003-07-01 00:00:00||Current
170|NI-9522||||HL Nipple||False|NA|1000|750|||NA||0||||||2003-07-01 00:00:00||Current
171|PA-187B||||Paint - Black||False|NA|60|45|||NA||0||||||2003-07-01 00:00:00||Current
172|PA-361R||||Paint - Red||False|NA|60|45|||NA||0||||||2003-07-01 00:00:00||Current
173|PA-529S||||Paint - Silver||False|NA|60|45|||NA||0||||||2003-07-01 00:00:00||Current
174|PA-632U||||Paint - Blue||False|NA|60|45|||NA||0||||||2003-07-01 00:00:00||Current
175|PA-823Y||||Paint - Yellow||False|NA|60|45|||NA||0||||||2003-07-01 00:00:00||Current
176|PB-6109||||Pinch Bolt||False|NA|1000|750|||NA||0||||||2003-07-01 00:00:00||Current
177|RA-2345||||Cup-Shaped Race||False|NA|1000|750|||NA||0||||||2003-07-01 00:00:00||Current
178|RA-7490||||Cone-Shaped Race||False|NA|1000|750|||NA||0||||||2003-07-01 00:00:00||Current
179|RF-9198||||Reflector||False|NA|1000|750|||NA||0||||||2003-07-01 00:00:00||Current
180|RM-M464||G  ||LL Mountain Rim||False|NA|800|600|||NA|435|0|||L |||2003-07-01 00:00:00||Current
181|RM-M692||G  ||ML Mountain Rim||False|NA|800|600|||NA|450|0|||M |||2003-07-01 00:00:00||Current
182|RM-M823||G  ||HL Mountain Rim||False|NA|800|600|||NA|400|0||||||2003-07-01 00:00:00||Current
183|RM-R436||G  ||LL Road Rim||False|NA|800|600|||NA|445|0|||L |||2003-07-01 00:00:00||Current
184|RM-R600||G  ||ML Road Rim||False|NA|800|600|||NA|450|0|||M |||2003-07-01 00:00:00||Current
185|RM-R800||G  ||HL Road Rim||False|NA|800|600|||NA|400|0||||||2003-07-01 00:00:00||Current
186|RM-T801||G  ||Touring Rim||False|NA|800|600|||NA|460|0||||||2003-07-01 00:00:00||Current
187|SA-M198||||LL Mountain Seat Assembly||False|NA|500|375|||NA||1|||L |||2003-07-01 00:00:00||Current
188|SA-M237||||ML Mountain Seat Assembly||False|NA|500|375|||NA||1|||M |||2003-07-01 00:00:00||Current
189|SA-M687||||HL Mountain Seat Assembly||False|NA|500|375|||NA||1||||||2003-07-01 00:00:00||Current
190|SA-R127||||LL Road Seat Assembly||False|NA|500|375|||NA||1|||L |||2003-07-01 00:00:00||Current
191|SA-R430||||ML Road Seat Assembly||False|NA|500|375|||NA||1|||M |||2003-07-01 00:00:00||Current
192|SA-R522||||HL Road Seat Assembly||False|NA|500|375|||NA||1||||||2003-07-01 00:00:00||Current
193|SA-T467||||LL Touring Seat Assembly||False|NA|500|375|||NA||1|||L |||2003-07-01 00:00:00||Current
194|SA-T612||||ML Touring Seat Assembly||False|NA|500|375|||NA||1|||M |||2003-07-01 00:00:00||Current
195|SA-T872||||HL Touring Seat Assembly||False|NA|500|375|||NA||1||||||2003-07-01 00:00:00||Current
196|SD-2342||||LL Spindle/Axle||False|NA|500|375|||NA||0|||L |||2003-07-01 00:00:00||Current
197|SD-9872||||HL Spindle/Axle||False|NA|500|375|||NA||0||||||2003-07-01 00:00:00||Current
198|SH-4562||||LL Shell||False|NA|800|600|||NA||0|||L |||2003-07-01 00:00:00||Current
199|SH-9312||||HL Shell||False|NA|800|600|||NA||0||||||2003-07-01 00:00:00||Current
200|SK-9283||||Spokes||False|NA|1000|750|||NA||0||||||2003-07-01 00:00:00||Current
201|SL-0931||||Seat Lug||False|NA|1000|750|||NA||0||||||2003-07-01 00:00:00||Current
202|SM-9087||||Stem||False|NA|500|375|||NA||1||||||2003-07-01 00:00:00||Current
203|SP-2981||||Seat Post||False|NA|500|375|||NA||0||||||2003-07-01 00:00:00||Current
204|SR-2098||||Steerer||False|NA|500|375|||NA||1||||||2003-07-01 00:00:00||Current
205|SS-2985||||Seat Stays||False|NA|800|600|||NA||1||||||2003-07-01 00:00:00||Current
206|ST-9828||||Seat Tube||False|NA|500|375|||NA||1||||||2003-07-01 00:00:00||Current
207|TO-2301||||Top Tube||False|NA|500|375|||NA||1||||||2003-07-01 00:00:00||Current
208|TP-0923||||Tension Pulley||False|NA|800|600|||NA||0||||||2003-07-01 00:00:00||Current
209|RC-0291||||Rear Derailleur Cage||False|Silver|500|375|||NA||0||||||2003-07-01 00:00:00||Current
210|FR-R92B-58|14|LB |CM |HL Road Frame - Black, 58||True|Black|500|375||58|54-58 CM|2.2400000000000002|1|R ||H |U |HL Road Frame|2003-07-01 00:00:00||Current
211|FR-R92R-58|14|LB |CM |HL Road Frame - Red, 58||True|Red|500|375||58|54-58 CM|2.2400000000000002|1|R ||H |U |HL Road Frame|2003-07-01 00:00:00||Current
212|HL-U509-R|31|||Sport-100 Helmet, Red|12.0278|True|Red|4|3|33.6442||NA||0|S |20.1865|||Sport-100|2011-07-01 00:00:00|2007-12-28 00:00:00|
213|HL-U509-R|31|||Sport-100 Helmet, Red|13.8782|True|Red|4|3|33.6442||NA||0|S |20.1865|||Sport-100|2012-07-01 00:00:00|2008-12-27 00:00:00|
214|HL-U509-R|31|||Sport-100 Helmet, Red|13.0863|True|Red|4|3|34.99||NA||0|S |20.994|||Sport-100|2013-07-01 00:00:00||Current
215|HL-U509|31|||Sport-100 Helmet, Black|12.0278|True|Black|4|3|33.6442||NA||0|S |20.1865|||Sport-100|2011-07-01 00:00:00|2007-12-28 00:00:00|
216|HL-U509|31|||Sport-100 Helmet, Black|13.8782|True|Black|4|3|33.6442||NA||0|S |20.1865|||Sport-100|2012-07-01 00:00:00|2008-12-27 00:00:00|
217|HL-U509|31|||Sport-100 Helmet, Black|13.0863|True|Black|4|3|34.99||NA||0|S |20.994|||Sport-100|2013-07-01 00:00:00||Current
218|SO-B909-M|23|||Mountain Bike Socks, M|3.3963|True|White|4|3|9.5|M|M||0|M |5.7||U |Mountain Bike Socks|2011-07-01 00:00:00|2007-12-28 00:00:00|
219|SO-B909-L|23|||Mountain Bike Socks, L|3.3963|True|White|4|3|9.5|L|L||0|M |5.7||U |Mountain Bike Socks|2011-07-01 00:00:00|2007-12-28 00:00:00|
220|HL-U509-B|31|||Sport-100 Helmet, Blue|12.0278|True|Blue|4|3|33.6442||NA||0|S |20.1865|||Sport-100|2011-07-01 00:00:00|2007-12-28 00:00:00|
221|HL-U509-B|31|||Sport-100 Helmet, Blue|13.8782|True|Blue|4|3|33.6442||NA||0|S |20.1865|||Sport-100|2012-07-01 00:00:00|2008-12-27 00:00:00|
222|HL-U509-B|31|||Sport-100 Helmet, Blue|13.0863|True|Blue|4|3|34.99||NA||0|S |20.994|||Sport-100|2013-07-01 00:00:00||Current
223|CA-1098|19|||AWC Logo Cap|5.7052|True|Multi|4|3|8.6442||NA||0|S |5.1865||U |Cycling Cap|2011-07-01 00:00:00|2007-12-28 00:00:00|
224|CA-1098|19|||AWC Logo Cap|5.2297|True|Multi|4|3|8.6442||NA||0|S |5.1865||U |Cycling Cap|2012-07-01 00:00:00|2008-12-27 00:00:00|
225|CA-1098|19|||AWC Logo Cap|6.9223|True|Multi|4|3|8.99||NA||0|S |5.394||U |Cycling Cap|2013-07-01 00:00:00||Current
226|LJ-0192-S|21|||Long-Sleeve Logo Jersey, S|31.7244|True|Multi|4|3|48.0673|S|S||0|S |28.8404||U |Long-Sleeve Logo Jersey|2011-07-01 00:00:00|2007-12-28 00:00:00|
227|LJ-0192-S|21|||Long-Sleeve Logo Jersey, S|29.0807|True|Multi|4|3|48.0673|S|S||0|S |28.8404||U |Long-Sleeve Logo Jersey|2012-07-01 00:00:00|2008-12-27 00:00:00|
228|LJ-0192-S|21|||Long-Sleeve Logo Jersey, S|38.4923|True|Multi|4|3|49.99|S|S||0|S |29.994||U |Long-Sleeve Logo Jersey|2013-07-01 00:00:00||Current
229|LJ-0192-M|21|||Long-Sleeve Logo Jersey, M|31.7244|True|Multi|4|3|48.0673|M|M||0|S |28.8404||U |Long-Sleeve Logo Jersey|2011-07-01 00:00:00|2007-12-28 00:00:00|
230|LJ-0192-M|21|||Long-Sleeve Logo Jersey, M|29.0807|True|Multi|4|3|48.0673|M|M||0|S |28.8404||U |Long-Sleeve Logo Jersey|2012-07-01 00:00:00|2008-12-27 00:00:00|
231|LJ-0192-M|21|||Long-Sleeve Logo Jersey, M|38.4923|True|Multi|4|3|49.99|M|M||0|S |29.994||U |Long-Sleeve Logo Jersey|2013-07-01 00:00:00||Current
232|LJ-0192-L|21|||Long-Sleeve Logo Jersey, L|31.7244|True|Multi|4|3|48.0673|L|L||0|S |28.8404||U |Long-Sleeve Logo Jersey|2011-07-01 00:00:00|2007-12-28 00:00:00|
233|LJ-0192-L|21|||Long-Sleeve Logo Jersey, L|29.0807|True|Multi|4|3|48.0673|L|L||0|S |28.8404||U |Long-Sleeve Logo Jersey|2012-07-01 00:00:00|2008-12-27 00:00:00|
234|LJ-0192-L|21|||Long-Sleeve Logo Jersey, L|38.4923|True|Multi|4|3|49.99|L|L||0|S |29.994||U |Long-Sleeve Logo Jersey|2013-07-01 00:00:00||Current
235|LJ-0192-X|21|||Long-Sleeve Logo Jersey, XL|31.7244|True|Multi|4|3|48.0673|XL|XL||0|S |28.8404||U |Long-Sleeve Logo Jersey|2011-07-01 00:00:00|2007-12-28 00:00:00|
236|LJ-0192-X|21|||Long-Sleeve Logo Jersey, XL|29.0807|True|Multi|4|3|48.0673|XL|XL||0|S |28.8404||U |Long-Sleeve Logo Jersey|2012-07-01 00:00:00|2008-12-27 00:00:00|
237|LJ-0192-X|21|||Long-Sleeve Logo Jersey, XL|38.4923|True|Multi|4|3|49.99|XL|XL||0|S |29.994||U |Long-Sleeve Logo Jersey|2013-07-01 00:00:00||Current
238|FR-R92R-62|14|LB |CM |HL Road Frame - Red, 62|747.9682|True|Red|500|375|1263.4598|62|60-62 CM|2.2999999999999998|1|R |758.0759|H |U |HL Road Frame|2011-07-01 00:00:00|2007-12-28 00:00:00|
239|FR-R92R-62|14|LB |CM |HL Road Frame - Red, 62|722.2568|True|Red|500|375|1301.3636|62|60-62 CM|2.2999999999999998|1|R |780.8182|H |U |HL Road Frame|2012-07-01 00:00:00|2008-12-27 00:00:00|
240|FR-R92R-62|14|LB |CM |HL Road Frame - Red, 62|868.6342|True|Red|500|375|1431.5|62|60-62 CM|2.2999999999999998|1|R |858.9|H |U |HL Road Frame|2013-07-01 00:00:00||Current
241|FR-R92R-44|14|LB |CM |HL Road Frame - Red, 44|747.9682|True|Red|500|375|1263.4598|44|42-46 CM|2.1200000000000001|1|R |758.0759|H |U |HL Road Frame|2011-07-01 00:00:00|2007-12-28 00:00:00|
242|FR-R92R-44|14|LB |CM |HL Road Frame - Red, 44|722.2568|True|Red|500|375|1301.3636|44|42-46 CM|2.1200000000000001|1|R |780.8182|H |U |HL Road Frame|2012-07-01 00:00:00|2008-12-27 00:00:00|
243|FR-R92R-44|14|LB |CM |HL Road Frame - Red, 44|868.6342|True|Red|500|375|1431.5|44|42-46 CM|2.1200000000000001|1|R |858.9|H |U |HL Road Frame|2013-07-01 00:00:00||Current
244|FR-R92R-48|14|LB |CM |HL Road Frame - Red, 48|747.9682|True|Red|500|375|1263.4598|48|48-52 CM|2.1600000000000001|1|R |758.0759|H |U |HL Road Frame|2011-07-01 00:00:00|2007-12-28 00:00:00|
245|FR-R92R-48|14|LB |CM |HL Road Frame - Red, 48|722.2568|True|Red|500|375|1301.3636|48|48-52 CM|2.1600000000000001|1|R |780.8182|H |U |HL Road Frame|2012-07-01 00:00:00|2008-12-27 00:00:00|
246|FR-R92R-48|14|LB |CM |HL Road Frame - Red, 48|868.6342|True|Red|500|375|1431.5|48|48-52 CM|2.1600000000000001|1|R |858.9|H |U |HL Road Frame|2013-07-01 00:00:00||Current
247|FR-R92R-52|14|LB |CM |HL Road Frame - Red, 52|747.9682|True|Red|500|375|1263.4598|52|48-52 CM|2.2000000000000002|1|R |758.0759|H |U |HL Road Frame|2011-07-01 00:00:00|2007-12-28 00:00:00|
248|FR-R92R-52|14|LB |CM |HL Road Frame - Red, 52|722.2568|True|Red|500|375|1301.3636|52|48-52 CM|2.2000000000000002|1|R |780.8182|H |U |HL Road Frame|2012-07-01 00:00:00|2008-12-27 00:00:00|
249|FR-R92R-52|14|LB |CM |HL Road Frame - Red, 52|868.6342|True|Red|500|375|1431.5|52|48-52 CM|2.2000000000000002|1|R |858.9|H |U |HL Road Frame|2013-07-01 00:00:00||Current
250|FR-R92R-56|14|LB |CM |HL Road Frame - Red, 56|747.9682|True|Red|500|375|1263.4598|56|54-58 CM|2.2400000000000002|1|R |758.0759|H |U |HL Road Frame|2011-07-01 00:00:00|2007-12-28 00:00:00|
251|FR-R92R-56|14|LB |CM |HL Road Frame - Red, 56|722.2568|True|Red|500|375|1301.3636|56|54-58 CM|2.2400000000000002|1|R |780.8182|H |U |HL Road Frame|2012-07-01 00:00:00|2008-12-27 00:00:00|
252|FR-R92R-56|14|LB |CM |HL Road Frame - Red, 56|868.6342|True|Red|500|375|1431.5|56|54-58 CM|2.2400000000000002|1|R |858.9|H |U |HL Road Frame|2013-07-01 00:00:00||Current
253|FR-R38B-58|14|LB |CM |LL Road Frame - Black, 58|176.1997|True|Black|500|375|297.6346|58|54-58 CM|2.46|1|R |178.5808|L |U |LL Road Frame|2011-07-01 00:00:00|2007-12-28 00:00:00|
254|FR-R38B-58|14|LB |CM |LL Road Frame - Black, 58|170.1428|True|Black|500|375|306.5636|58|54-58 CM|2.46|1|R |183.9382|L |U |LL Road Frame|2012-07-01 00:00:00|2008-12-27 00:00:00|
255|FR-R38B-58|14|LB |CM |LL Road Frame - Black, 58|204.6251|True|Black|500|375|337.22|58|54-58 CM|2.46|1|R |202.332|L |U |LL Road Frame|2013-07-01 00:00:00||Current
256|FR-R38B-60|14|LB |CM |LL Road Frame - Black, 60|176.1997|True|Black|500|375|297.6346|60|60-62 CM|2.48|1|R |178.5808|L |U |LL Road Frame|2011-07-01 00:00:00|2007-12-28 00:00:00|
257|FR-R38B-60|14|LB |CM |LL Road Frame - Black, 60|170.1428|True|Black|500|375|306.5636|60|60-62 CM|2.48|1|R |183.9382|L |U |LL Road Frame|2012-07-01 00:00:00|2008-12-27 00:00:00|
258|FR-R38B-60|14|LB |CM |LL Road Frame - Black, 60|204.6251|True|Black|500|375|337.22|60|60-62 CM|2.48|1|R |202.332|L |U |LL Road Frame|2013-07-01 00:00:00||Current
259|FR-R38B-62|14|LB |CM |LL Road Frame - Black, 62|176.1997|True|Black|500|375|297.6346|62|60-62 CM|2.5|1|R |178.5808|L |U |LL Road Frame|2011-07-01 00:00:00|2007-12-28 00:00:00|
260|FR-R38B-62|14|LB |CM |LL Road Frame - Black, 62|170.1428|True|Black|500|375|306.5636|62|60-62 CM|2.5|1|R |183.9382|L |U |LL Road Frame|2012-07-01 00:00:00|2008-12-27 00:00:00|
261|FR-R38B-62|14|LB |CM |LL Road Frame - Black, 62|204.6251|True|Black|500|375|337.22|62|60-62 CM|2.5|1|R |202.332|L |U |LL Road Frame|2013-07-01 00:00:00||Current
262|FR-R38R-44|14|LB |CM |LL Road Frame - Red, 44|181.4857|True|Red|500|375|306.5636|44|42-46 CM|2.3199999999999998|1|R |183.9382|L |U |LL Road Frame|2011-07-01 00:00:00|2007-12-28 00:00:00|
263|FR-R38R-44|14|LB |CM |LL Road Frame - Red, 44|187.1571|True|Red|500|375|337.22|44|42-46 CM|2.3199999999999998|1|R |202.332|L |U |LL Road Frame|2012-07-01 00:00:00|2008-12-27 00:00:00|
264|FR-R38R-48|14|LB |CM |LL Road Frame - Red, 48|181.4857|True|Red|500|375|306.5636|48|48-52 CM|2.3599999999999999|1|R |183.9382|L |U |LL Road Frame|2011-07-01 00:00:00|2007-12-28 00:00:00|
265|FR-R38R-48|14|LB |CM |LL Road Frame - Red, 48|187.1571|True|Red|500|375|337.22|48|48-52 CM|2.3599999999999999|1|R |202.332|L |U |LL Road Frame|2012-07-01 00:00:00|2008-12-27 00:00:00|
266|FR-R38R-52|14|LB |CM |LL Road Frame - Red, 52|181.4857|True|Red|500|375|306.5636|52|48-52 CM|2.3999999999999999|1|R |183.9382|L |U |LL Road Frame|2011-07-01 00:00:00|2007-12-28 00:00:00|
267|FR-R38R-52|14|LB |CM |LL Road Frame - Red, 52|187.1571|True|Red|500|375|337.22|52|48-52 CM|2.3999999999999999|1|R |202.332|L |U |LL Road Frame|2012-07-01 00:00:00|2008-12-27 00:00:00|
268|FR-R38R-58|14|LB |CM |LL Road Frame - Red, 58|181.4857|True|Red|500|375|306.5636|58|54-58 CM|2.46|1|R |183.9382|L |U |LL Road Frame|2011-07-01 00:00:00|2007-12-28 00:00:00|
269|FR-R38R-58|14|LB |CM |LL Road Frame - Red, 58|187.1571|True|Red|500|375|337.22|58|54-58 CM|2.46|1|R |202.332|L |U |LL Road Frame|2012-07-01 00:00:00|2008-12-27 00:00:00|
270|FR-R38R-60|14|LB |CM |LL Road Frame - Red, 60|181.4857|True|Red|500|375|306.5636|60|60-62 CM|2.48|1|R |183.9382|L |U |LL Road Frame|2011-07-01 00:00:00|2007-12-28 00:00:00|
271|FR-R38R-60|14|LB |CM |LL Road Frame - Red, 60|187.1571|True|Red|500|375|337.22|60|60-62 CM|2.48|1|R |202.332|L |U |LL Road Frame|2012-07-01 00:00:00|2008-12-27 00:00:00|
272|FR-R38R-62|14|LB |CM |LL Road Frame - Red, 62|181.4857|True|Red|500|375|306.5636|62|60-62 CM|2.5|1|R |183.9382|L |U |LL Road Frame|2011-07-01 00:00:00|2007-12-28 00:00:00|
273|FR-R38R-62|14|LB |CM |LL Road Frame - Red, 62|187.1571|True|Red|500|375|337.22|62|60-62 CM|2.5|1|R |202.332|L |U |LL Road Frame|2012-07-01 00:00:00|2008-12-27 00:00:00|
274|FR-R72R-44|14|LB |CM |ML Road Frame - Red, 44|352.1394|True|Red|500|375|594.83|44|42-46 CM|2.2200000000000002|1|R |356.898|M |U |ML Road Frame|2011-07-01 00:00:00|2007-12-28 00:00:00|
275|FR-R72R-48|14|LB |CM |ML Road Frame - Red, 48|352.1394|True|Red|500|375|594.83|48|48-52 CM|2.2599999999999998|1|R |356.898|M |U |ML Road Frame|2011-07-01 00:00:00|2007-12-28 00:00:00|
276|FR-R72R-52|14|LB |CM |ML Road Frame - Red, 52|352.1394|True|Red|500|375|594.83|52|48-52 CM|2.2999999999999998|1|R |356.898|M |U |ML Road Frame|2011-07-01 00:00:00|2007-12-28 00:00:00|
277|FR-R72R-58|14|LB |CM |ML Road Frame - Red, 58|352.1394|True|Red|500|375|594.83|58|54-58 CM|2.3599999999999999|1|R |356.898|M |U |ML Road Frame|2011-07-01 00:00:00|2007-12-28 00:00:00|
278|FR-R72R-60|14|LB |CM |ML Road Frame - Red, 60|352.1394|True|Red|500|375|594.83|60|60-62 CM|2.3799999999999999|1|R |356.898|M |U |ML Road Frame|2011-07-01 00:00:00|2007-12-28 00:00:00|
279|FR-R38B-44|14|LB |CM |LL Road Frame - Black, 44|176.1997|True|Black|500|375|297.6346|44|42-46 CM|2.3199999999999998|1|R |178.5808|L |U |LL Road Frame|2011-07-01 00:00:00|2007-12-28 00:00:00|
280|FR-R38B-44|14|LB |CM |LL Road Frame - Black, 44|170.1428|True|Black|500|375|306.5636|44|42-46 CM|2.3199999999999998|1|R |183.9382|L |U |LL Road Frame|2012-07-01 00:00:00|2008-12-27 00:00:00|
281|FR-R38B-44|14|LB |CM |LL Road Frame - Black, 44|204.6251|True|Black|500|375|337.22|44|42-46 CM|2.3199999999999998|1|R |202.332|L |U |LL Road Frame|2013-07-01 00:00:00||Current
282|FR-R38B-48|14|LB |CM |LL Road Frame - Black, 48|176.1997|True|Black|500|375|297.6346|48|48-52 CM|2.3599999999999999|1|R |178.5808|L |U |LL Road Frame|2011-07-01 00:00:00|2007-12-28 00:00:00|
283|FR-R38B-48|14|LB |CM |LL Road Frame - Black, 48|170.1428|True|Black|500|375|306.5636|48|48-52 CM|2.3599999999999999|1|R |183.9382|L |U |LL Road Frame|2012-07-01 00:00:00|2008-12-27 00:00:00|
284|FR-R38B-48|14|LB |CM |LL Road Frame - Black, 48|204.6251|True|Black|500|375|337.22|48|48-52 CM|2.3599999999999999|1|R |202.332|L |U |LL Road Frame|2013-07-01 00:00:00||Current
285|FR-R38B-52|14|LB |CM |LL Road Frame - Black, 52|176.1997|True|Black|500|375|297.6346|52|48-52 CM|2.3999999999999999|1|R |178.5808|L |U |LL Road Frame|2011-07-01 00:00:00|2007-12-28 00:00:00|
286|FR-R38B-52|14|LB |CM |LL Road Frame - Black, 52|170.1428|True|Black|500|375|306.5636|52|48-52 CM|2.3999999999999999|1|R |183.9382|L |U |LL Road Frame|2012-07-01 00:00:00|2008-12-27 00:00:00|
287|FR-R38B-52|14|LB |CM |LL Road Frame - Black, 52|204.6251|True|Black|500|375|337.22|52|48-52 CM|2.3999999999999999|1|R |202.332|L |U |LL Road Frame|2013-07-01 00:00:00||Current
288|FR-M94S-42|12|LB |CM |HL Mountain Frame - Silver, 42|623.8403|True|Silver|500|375|1204.3248|42|42-46 CM|2.7200000000000002|1|M |722.5949|H |U |HL Mountain Frame|2011-07-01 00:00:00|2007-12-28 00:00:00|
289|FR-M94S-42|12|LB |CM |HL Mountain Frame - Silver, 42|660.9142|True|Silver|500|375|1240.4545|42|42-46 CM|2.7200000000000002|1|M |744.2727|H |U |HL Mountain Frame|2012-07-01 00:00:00|2008-12-27 00:00:00|
290|FR-M94S-42|12|LB |CM |HL Mountain Frame - Silver, 42|747.2002|True|Silver|500|375|1364.5|42|42-46 CM|2.7200000000000002|1|M |818.7|H |U |HL Mountain Frame|2013-07-01 00:00:00||Current
291|FR-M94S-44|12|LB |CM |HL Mountain Frame - Silver, 44|706.811|True|Silver|500|375|1364.5|44|42-46 CM|2.7599999999999998|1|M |818.7|H |U |HL Mountain Frame|2011-07-01 00:00:00|2007-12-28 00:00:00|
292|FR-M94S-52|12|LB |CM |HL Mountain Frame - Silver, 48|706.811|True|Silver|500|375|1364.5|48|48-52 CM|2.7999999999999998|1|M |818.7|H |U |HL Mountain Frame|2011-07-01 00:00:00|2007-12-28 00:00:00|
293|FR-M94S-46|12|LB |CM |HL Mountain Frame - Silver, 46|623.8403|True|Silver|500|375|1204.3248|46|42-46 CM|2.8399999999999999|1|M |722.5949|H |U |HL Mountain Frame|2011-07-01 00:00:00|2007-12-28 00:00:00|
294|FR-M94S-46|12|LB |CM |HL Mountain Frame - Silver, 46|660.9142|True|Silver|500|375|1240.4545|46|42-46 CM|2.8399999999999999|1|M |744.2727|H |U |HL Mountain Frame|2012-07-01 00:00:00|2008-12-27 00:00:00|
295|FR-M94S-46|12|LB |CM |HL Mountain Frame - Silver, 46|747.2002|True|Silver|500|375|1364.5|46|42-46 CM|2.8399999999999999|1|M |818.7|H |U |HL Mountain Frame|2013-07-01 00:00:00||Current
296|FR-M94B-42|12|LB |CM |HL Mountain Frame - Black, 42|617.0281|True|Black|500|375|1191.1739|42|42-46 CM|2.7200000000000002|1|M |714.7043|H |U |HL Mountain Frame|2011-07-01 00:00:00|2007-12-28 00:00:00|
297|FR-M94B-42|12|LB |CM |HL Mountain Frame - Black, 42|653.6971|True|Black|500|375|1226.9091|42|42-46 CM|2.7200000000000002|1|M |736.1455|H |U |HL Mountain Frame|2012-07-01 00:00:00|2008-12-27 00:00:00|
298|FR-M94B-42|12|LB |CM |HL Mountain Frame - Black, 42|739.041|True|Black|500|375|1349.6|42|42-46 CM|2.7200000000000002|1|M |809.76|H |U |HL Mountain Frame|2013-07-01 00:00:00||Current
299|FR-M94B-44|12|LB |CM |HL Mountain Frame - Black, 44|699.0928|True|Black|500|375|1349.6|44|42-46 CM|2.7599999999999998|1|M |809.76|H |U |HL Mountain Frame|2011-07-01 00:00:00|2007-12-28 00:00:00|
300|FR-M94B-48|12|LB |CM |HL Mountain Frame - Black, 48|699.0928|True|Black|500|375|1349.6|48|48-52 CM|2.7999999999999998|1|M |809.76|H |U |HL Mountain Frame|2011-07-01 00:00:00|2007-12-28 00:00:00|
301|FR-M94B-46|12|LB |CM |HL Mountain Frame - Black, 46|617.0281|True|Black|500|375|1191.1739|46|42-46 CM|2.8399999999999999|1|M |714.7043|H |U |HL Mountain Frame|2011-07-01 00:00:00|2007-12-28 00:00:00|
302|FR-M94B-46|12|LB |CM |HL Mountain Frame - Black, 46|653.6971|True|Black|500|375|1226.9091|46|42-46 CM|2.8399999999999999|1|M |736.1455|H |U |HL Mountain Frame|2012-07-01 00:00:00|2008-12-27 00:00:00|
303|FR-M94B-46|12|LB |CM |HL Mountain Frame - Black, 46|739.041|True|Black|500|375|1349.6|46|42-46 CM|2.8399999999999999|1|M |809.76|H |U |HL Mountain Frame|2013-07-01 00:00:00||Current
304|FR-M94B-38|12|LB |CM |HL Mountain Frame - Black, 38|617.0281|True|Black|500|375|1191.1739|38|38-40 CM|2.6800000000000002|2|M |714.7043|H |U |HL Mountain Frame|2011-07-01 00:00:00|2007-12-28 00:00:00|
305|FR-M94B-38|12|LB |CM |HL Mountain Frame - Black, 38|653.6971|True|Black|500|375|1226.9091|38|38-40 CM|2.6800000000000002|2|M |736.1455|H |U |HL Mountain Frame|2012-07-01 00:00:00|2008-12-27 00:00:00|
306|FR-M94B-38|12|LB |CM |HL Mountain Frame - Black, 38|739.041|True|Black|500|375|1349.6|38|38-40 CM|2.6800000000000002|2|M |809.76|H |U |HL Mountain Frame|2013-07-01 00:00:00||Current
307|FR-M94S-38|12|LB |CM |HL Mountain Frame - Silver, 38|623.8403|True|Silver|500|375|1204.3248|38|38-40 CM|2.6800000000000002|2|M |722.5949|H |U |HL Mountain Frame|2011-07-01 00:00:00|2007-12-28 00:00:00|
308|FR-M94S-38|12|LB |CM |HL Mountain Frame - Silver, 38|660.9142|True|Silver|500|375|1240.4545|38|38-40 CM|2.6800000000000002|2|M |744.2727|H |U |HL Mountain Frame|2012-07-01 00:00:00|2008-12-27 00:00:00|
309|FR-M94S-38|12|LB |CM |HL Mountain Frame - Silver, 38|747.2002|True|Silver|500|375|1364.5|38|38-40 CM|2.6800000000000002|2|M |818.7|H |U |HL Mountain Frame|2013-07-01 00:00:00||Current
310|BK-R93R-62|2|LB |CM |Road-150 Red, 62|2171.2942|True|Red|100|75|3578.27|62|60-62 CM|15|4|R |2146.962|H |U |Road-150|2011-07-01 00:00:00|2007-12-28 00:00:00|
311|BK-R93R-44|2|LB |CM |Road-150 Red, 44|2171.2942|True|Red|100|75|3578.27|44|42-46 CM|13.77|4|R |2146.962|H |U |Road-150|2011-07-01 00:00:00|2007-12-28 00:00:00|
312|BK-R93R-48|2|LB |CM |Road-150 Red, 48|2171.2942|True|Red|100|75|3578.27|48|48-52 CM|14.130000000000001|4|R |2146.962|H |U |Road-150|2011-07-01 00:00:00|2007-12-28 00:00:00|
313|BK-R93R-52|2|LB |CM |Road-150 Red, 52|2171.2942|True|Red|100|75|3578.27|52|48-52 CM|14.42|4|R |2146.962|H |U |Road-150|2011-07-01 00:00:00|2007-12-28 00:00:00|
314|BK-R93R-56|2|LB |CM |Road-150 Red, 56|2171.2942|True|Red|100|75|3578.27|56|54-58 CM|14.68|4|R |2146.962|H |U |Road-150|2011-07-01 00:00:00|2007-12-28 00:00:00|
315|BK-R68R-58|2|LB |CM |Road-450 Red, 58|884.7083|True|Red|100|75|1457.99|58|54-58 CM|17.789999999999999|4|R |874.794|M |U |Road-450|2011-07-01 00:00:00|2007-12-28 00:00:00|
316|BK-R68R-60|2|LB |CM |Road-450 Red, 60|884.7083|True|Red|100|75|1457.99|60|60-62 CM|17.899999999999999|4|R |874.794|M |U |Road-450|2011-07-01 00:00:00|2007-12-28 00:00:00|
317|BK-R68R-44|2|LB |CM |Road-450 Red, 44|884.7083|True|Red|100|75|1457.99|44|42-46 CM|16.77|4|R |874.794|M |U |Road-450|2011-07-01 00:00:00|2007-12-28 00:00:00|
318|BK-R68R-48|2|LB |CM |Road-450 Red, 48|884.7083|True|Red|100|75|1457.99|48|48-52 CM|17.129999999999999|4|R |874.794|M |U |Road-450|2011-07-01 00:00:00|2007-12-28 00:00:00|
319|BK-R68R-52|2|LB |CM |Road-450 Red, 52|884.7083|True|Red|100|75|1457.99|52|48-52 CM|17.420000000000002|4|R |874.794|M |U |Road-450|2011-07-01 00:00:00|2007-12-28 00:00:00|
320|BK-R50R-58|2|LB |CM |Road-650 Red, 58|413.1463|True|Red|100|75|699.0982|58|54-58 CM|19.789999999999999|4|R |419.4589|L |U |Road-650|2011-07-01 00:00:00|2007-12-28 00:00:00|
321|BK-R50R-58|2|LB |CM |Road-650 Red, 58|486.7066|True|Red|100|75|782.99|58|54-58 CM|19.789999999999999|4|R |469.794|L |U |Road-650|2012-07-01 00:00:00|2008-12-27 00:00:00|
322|BK-R50R-60|2|LB |CM |Road-650 Red, 60|413.1463|True|Red|100|75|699.0982|60|60-62 CM|19.899999999999999|4|R |419.4589|L |U |Road-650|2011-07-01 00:00:00|2007-12-28 00:00:00|
323|BK-R50R-60|2|LB |CM |Road-650 Red, 60|486.7066|True|Red|100|75|782.99|60|60-62 CM|19.899999999999999|4|R |469.794|L |U |Road-650|2012-07-01 00:00:00|2008-12-27 00:00:00|
324|BK-R50R-62|2|LB |CM |Road-650 Red, 62|413.1463|True|Red|100|75|699.0982|62|60-62 CM|20|4|R |419.4589|L |U |Road-650|2011-07-01 00:00:00|2007-12-28 00:00:00|
325|BK-R50R-62|2|LB |CM |Road-650 Red, 62|486.7066|True|Red|100|75|782.99|62|60-62 CM|20|4|R |469.794|L |U |Road-650|2012-07-01 00:00:00|2008-12-27 00:00:00|
326|BK-R50R-44|2|LB |CM |Road-650 Red, 44|413.1463|True|Red|100|75|699.0982|44|42-46 CM|18.77|4|R |419.4589|L |U |Road-650|2011-07-01 00:00:00|2007-12-28 00:00:00|
327|BK-R50R-44|2|LB |CM |Road-650 Red, 44|486.7066|True|Red|100|75|782.99|44|42-46 CM|18.77|4|R |469.794|L |U |Road-650|2012-07-01 00:00:00|2008-12-27 00:00:00|
328|BK-R50R-48|2|LB |CM |Road-650 Red, 48|413.1463|True|Red|100|75|699.0982|48|48-52 CM|19.129999999999999|4|R |419.4589|L |U |Road-650|2011-07-01 00:00:00|2007-12-28 00:00:00|
329|BK-R50R-48|2|LB |CM |Road-650 Red, 48|486.7066|True|Red|100|75|782.99|48|48-52 CM|19.129999999999999|4|R |469.794|L |U |Road-650|2012-07-01 00:00:00|2008-12-27 00:00:00|
330|BK-R50R-52|2|LB |CM |Road-650 Red, 52|413.1463|True|Red|100|75|699.0982|52|48-52 CM|19.420000000000002|4|R |419.4589|L |U |Road-650|2011-07-01 00:00:00|2007-12-28 00:00:00|
331|BK-R50R-52|2|LB |CM |Road-650 Red, 52|486.7066|True|Red|100|75|782.99|52|48-52 CM|19.420000000000002|4|R |469.794|L |U |Road-650|2012-07-01 00:00:00|2008-12-27 00:00:00|
332|BK-R50B-58|2|LB |CM |Road-650 Black, 58|413.1463|True|Black|100|75|699.0982|58|54-58 CM|19.789999999999999|4|R |419.4589|L |U |Road-650|2011-07-01 00:00:00|2007-12-28 00:00:00|
333|BK-R50B-58|2|LB |CM |Road-650 Black, 58|486.7066|True|Black|100|75|782.99|58|54-58 CM|19.789999999999999|4|R |469.794|L |U |Road-650|2012-07-01 00:00:00|2008-12-27 00:00:00|
334|BK-R50B-60|2|LB |CM |Road-650 Black, 60|413.1463|True|Black|100|75|699.0982|60|60-62 CM|19.899999999999999|4|R |419.4589|L |U |Road-650|2011-07-01 00:00:00|2007-12-28 00:00:00|
335|BK-R50B-60|2|LB |CM |Road-650 Black, 60|486.7066|True|Black|100|75|782.99|60|60-62 CM|19.899999999999999|4|R |469.794|L |U |Road-650|2012-07-01 00:00:00|2008-12-27 00:00:00|
336|BK-R50B-62|2|LB |CM |Road-650 Black, 62|413.1463|True|Black|100|75|699.0982|62|60-62 CM|20|4|R |419.4589|L |U |Road-650|2011-07-01 00:00:00|2007-12-28 00:00:00|
337|BK-R50B-62|2|LB |CM |Road-650 Black, 62|486.7066|True|Black|100|75|782.99|62|60-62 CM|20|4|R |469.794|L |U |Road-650|2012-07-01 00:00:00|2008-12-27 00:00:00|
338|BK-R50B-44|2|LB |CM |Road-650 Black, 44|413.1463|True|Black|100|75|699.0982|44|42-46 CM|18.77|4|R |419.4589|L |U |Road-650|2011-07-01 00:00:00|2007-12-28 00:00:00|
339|BK-R50B-44|2|LB |CM |Road-650 Black, 44|486.7066|True|Black|100|75|782.99|44|42-46 CM|18.77|4|R |469.794|L |U |Road-650|2012-07-01 00:00:00|2008-12-27 00:00:00|
340|BK-R50B-48|2|LB |CM |Road-650 Black, 48|413.1463|True|Black|100|75|699.0982|48|48-52 CM|19.129999999999999|4|R |419.4589|L |U |Road-650|2011-07-01 00:00:00|2007-12-28 00:00:00|
341|BK-R50B-48|2|LB |CM |Road-650 Black, 48|486.7066|True|Black|100|75|782.99|48|48-52 CM|19.129999999999999|4|R |469.794|L |U |Road-650|2012-07-01 00:00:00|2008-12-27 00:00:00|
342|BK-R50B-52|2|LB |CM |Road-650 Black, 52|413.1463|True|Black|100|75|699.0982|52|48-52 CM|19.420000000000002|4|R |419.4589|L |U |Road-650|2011-07-01 00:00:00|2007-12-28 00:00:00|
343|BK-R50B-52|2|LB |CM |Road-650 Black, 52|486.7066|True|Black|100|75|782.99|52|48-52 CM|19.420000000000002|4|R |469.794|L |U |Road-650|2012-07-01 00:00:00|2008-12-27 00:00:00|
344|BK-M82S-38|1|LB |CM |Mountain-100 Silver, 38|1912.1544|True|Silver|100|75|3399.99|38|38-40 CM|20.350000000000001|4|M |2039.994|H |U |Mountain-100|2011-07-01 00:00:00|2007-12-28 00:00:00|
345|BK-M82S-42|1|LB |CM |Mountain-100 Silver, 42|1912.1544|True|Silver|100|75|3399.99|42|42-46 CM|20.77|4|M |2039.994|H |U |Mountain-100|2011-07-01 00:00:00|2007-12-28 00:00:00|
346|BK-M82S-44|1|LB |CM |Mountain-100 Silver, 44|1912.1544|True|Silver|100|75|3399.99|44|42-46 CM|21.129999999999999|4|M |2039.994|H |U |Mountain-100|2011-07-01 00:00:00|2007-12-28 00:00:00|
347|BK-M82S-48|1|LB |CM |Mountain-100 Silver, 48|1912.1544|True|Silver|100|75|3399.99|48|48-52 CM|21.420000000000002|4|M |2039.994|H |U |Mountain-100|2011-07-01 00:00:00|2007-12-28 00:00:00|
348|BK-M82B-38|1|LB |CM |Mountain-100 Black, 38|1898.0944|True|Black|100|75|3374.99|38|38-40 CM|20.350000000000001|4|M |2024.994|H |U |Mountain-100|2011-07-01 00:00:00|2007-12-28 00:00:00|
349|BK-M82B-42|1|LB |CM |Mountain-100 Black, 42|1898.0944|True|Black|100|75|3374.99|42|42-46 CM|20.77|4|M |2024.994|H |U |Mountain-100|2011-07-01 00:00:00|2007-12-28 00:00:00|
350|BK-M82B-44|1|LB |CM |Mountain-100 Black, 44|1898.0944|True|Black|100|75|3374.99|44|42-46 CM|21.129999999999999|4|M |2024.994|H |U |Mountain-100|2011-07-01 00:00:00|2007-12-28 00:00:00|
351|BK-M82B-48|1|LB |CM |Mountain-100 Black, 48|1898.0944|True|Black|100|75|3374.99|48|48-52 CM|21.420000000000002|4|M |2024.994|H |U |Mountain-100|2011-07-01 00:00:00|2007-12-28 00:00:00|
352|BK-M68S-38|1|LB |CM |Mountain-200 Silver, 38|1117.8559|True|Silver|100|75|2071.4196|38|38-40 CM|23.350000000000001|4|M |1242.8518|H |U |Mountain-200|2012-07-01 00:00:00|2008-12-27 00:00:00|
353|BK-M68S-38|1|LB |CM |Mountain-200 Silver, 38|1265.6195|True|Silver|100|75|2319.99|38|38-40 CM|23.350000000000001|4|M |1391.994|H |U |Mountain-200|2013-07-01 00:00:00||Current
354|BK-M68S-42|1|LB |CM |Mountain-200 Silver, 42|1117.8559|True|Silver|100|75|2071.4196|42|42-46 CM|23.77|4|M |1242.8518|H |U |Mountain-200|2012-07-01 00:00:00|2008-12-27 00:00:00|
355|BK-M68S-42|1|LB |CM |Mountain-200 Silver, 42|1265.6195|True|Silver|100|75|2319.99|42|42-46 CM|23.77|4|M |1391.994|H |U |Mountain-200|2013-07-01 00:00:00||Current
356|BK-M68S-46|1|LB |CM |Mountain-200 Silver, 46|1117.8559|True|Silver|100|75|2071.4196|46|42-46 CM|24.129999999999999|4|M |1242.8518|H |U |Mountain-200|2012-07-01 00:00:00|2008-12-27 00:00:00|
357|BK-M68S-46|1|LB |CM |Mountain-200 Silver, 46|1265.6195|True|Silver|100|75|2319.99|46|42-46 CM|24.129999999999999|4|M |1391.994|H |U |Mountain-200|2013-07-01 00:00:00||Current
358|BK-M68B-38|1|LB |CM |Mountain-200 Black, 38|1105.81|True|Black|100|75|2049.0982|38|38-40 CM|23.350000000000001|4|M |1229.4589|H |U |Mountain-200|2012-07-01 00:00:00|2008-12-27 00:00:00|
359|BK-M68B-38|1|LB |CM |Mountain-200 Black, 38|1251.9813|True|Black|100|75|2294.99|38|38-40 CM|23.350000000000001|4|M |1376.994|H |U |Mountain-200|2013-07-01 00:00:00||Current
360|BK-M68B-42|1|LB |CM |Mountain-200 Black, 42|1105.81|True|Black|100|75|2049.0982|42|42-46 CM|23.77|4|M |1229.4589|H |U |Mountain-200|2012-07-01 00:00:00|2008-12-27 00:00:00|
361|BK-M68B-42|1|LB |CM |Mountain-200 Black, 42|1251.9813|True|Black|100|75|2294.99|42|42-46 CM|23.77|4|M |1376.994|H |U |Mountain-200|2013-07-01 00:00:00||Current
362|BK-M68B-46|1|LB |CM |Mountain-200 Black, 46|1105.81|True|Black|100|75|2049.0982|46|42-46 CM|24.129999999999999|4|M |1229.4589|H |U |Mountain-200|2012-07-01 00:00:00|2008-12-27 00:00:00|
363|BK-M68B-46|1|LB |CM |Mountain-200 Black, 46|1251.9813|True|Black|100|75|2294.99|46|42-46 CM|24.129999999999999|4|M |1376.994|H |U |Mountain-200|2013-07-01 00:00:00||Current
364|BK-M47B-38|1|LB |CM |Mountain-300 Black, 38|598.4354|True|Black|100|75|1079.99|38|38-40 CM|25.350000000000001|4|M |647.994|M |U |Mountain-300|2012-07-01 00:00:00|2008-12-27 00:00:00|
365|BK-M47B-40|1|LB |CM |Mountain-300 Black, 40|598.4354|True|Black|100|75|1079.99|40|38-40 CM|25.77|4|M |647.994|M |U |Mountain-300|2012-07-01 00:00:00|2008-12-27 00:00:00|
366|BK-M47B-44|1|LB |CM |Mountain-300 Black, 44|598.4354|True|Black|100|75|1079.99|44|42-46 CM|26.129999999999999|4|M |647.994|M |U |Mountain-300|2012-07-01 00:00:00|2008-12-27 00:00:00|
367|BK-M47B-48|1|LB |CM |Mountain-300 Black, 48|598.4354|True|Black|100|75|1079.99|48|48-52 CM|26.420000000000002|4|M |647.994|M |U |Mountain-300|2012-07-01 00:00:00|2008-12-27 00:00:00|
368|BK-R89R-44|2|LB |CM |Road-250 Red, 44|1518.7864|True|Red|100|75|2443.35|44|42-46 CM|14.77|4|R |1466.01|H |U |Road-250|2012-07-01 00:00:00|2008-12-27 00:00:00|
369|BK-R89R-48|2|LB |CM |Road-250 Red, 48|1518.7864|True|Red|100|75|2443.35|48|48-52 CM|15.130000000000001|4|R |1466.01|H |U |Road-250|2012-07-01 00:00:00|2008-12-27 00:00:00|
370|BK-R89R-52|2|LB |CM |Road-250 Red, 52|1518.7864|True|Red|100|75|2443.35|52|48-52 CM|15.42|4|R |1466.01|H |U |Road-250|2012-07-01 00:00:00|2008-12-27 00:00:00|
371|BK-R89R-58|2|LB |CM |Road-250 Red, 58|1320.6838|True|Red|100|75|2181.5625|58|54-58 CM|15.789999999999999|4|R |1308.9375|H |U |Road-250|2012-07-01 00:00:00|2008-12-27 00:00:00|
372|BK-R89R-58|2|LB |CM |Road-250 Red, 58|1554.9479|True|Red|100|75|2443.35|58|54-58 CM|15.789999999999999|4|R |1466.01|H |U |Road-250|2013-07-01 00:00:00||Current
373|BK-R89B-44|2|LB |CM |Road-250 Black, 44|1320.6838|True|Black|100|75|2181.5625|44|42-46 CM|14.77|4|R |1308.9375|H |U |Road-250|2012-07-01 00:00:00|2008-12-27 00:00:00|
374|BK-R89B-44|2|LB |CM |Road-250 Black, 44|1554.9479|True|Black|100|75|2443.35|44|42-46 CM|14.77|4|R |1466.01|H |U |Road-250|2013-07-01 00:00:00||Current
375|BK-R89B-48|2|LB |CM |Road-250 Black, 48|1320.6838|True|Black|100|75|2181.5625|48|48-52 CM|15.130000000000001|4|R |1308.9375|H |U |Road-250|2012-07-01 00:00:00|2008-12-27 00:00:00|
376|BK-R89B-48|2|LB |CM |Road-250 Black, 48|1554.9479|True|Black|100|75|2443.35|48|48-52 CM|15.130000000000001|4|R |1466.01|H |U |Road-250|2013-07-01 00:00:00||Current
377|BK-R89B-52|2|LB |CM |Road-250 Black, 52|1320.6838|True|Black|100|75|2181.5625|52|48-52 CM|15.42|4|R |1308.9375|H |U |Road-250|2012-07-01 00:00:00|2008-12-27 00:00:00|
378|BK-R89B-52|2|LB |CM |Road-250 Black, 52|1554.9479|True|Black|100|75|2443.35|52|48-52 CM|15.42|4|R |1466.01|H |U |Road-250|2013-07-01 00:00:00||Current
379|BK-R89B-58|2|LB |CM |Road-250 Black, 58|1320.6838|True|Black|100|75|2181.5625|58|54-58 CM|15.68|4|R |1308.9375|H |U |Road-250|2012-07-01 00:00:00|2008-12-27 00:00:00|
380|BK-R89B-58|2|LB |CM |Road-250 Black, 58|1554.9479|True|Black|100|75|2443.35|58|54-58 CM|15.68|4|R |1466.01|H |U |Road-250|2013-07-01 00:00:00||Current
381|BK-R64Y-38|2|LB |CM |Road-550-W Yellow, 38|605.6492|True|Yellow|100|75|1000.4375|38|38-40 CM|17.350000000000001|4|R |600.2625|M |W |Road-550-W|2012-07-01 00:00:00|2008-12-27 00:00:00|
382|BK-R64Y-38|2|LB |CM |Road-550-W Yellow, 38|713.0798|True|Yellow|100|75|1120.49|38|38-40 CM|17.350000000000001|4|R |672.294|M |W |Road-550-W|2013-07-01 00:00:00||Current
383|BK-R64Y-40|2|LB |CM |Road-550-W Yellow, 40|605.6492|True|Yellow|100|75|1000.4375|40|38-40 CM|17.77|4|R |600.2625|M |W |Road-550-W|2012-07-01 00:00:00|2008-12-27 00:00:00|
384|BK-R64Y-40|2|LB |CM |Road-550-W Yellow, 40|713.0798|True|Yellow|100|75|1120.49|40|38-40 CM|17.77|4|R |672.294|M |W |Road-550-W|2013-07-01 00:00:00||Current
385|BK-R64Y-42|2|LB |CM |Road-550-W Yellow, 42|605.6492|True|Yellow|100|75|1000.4375|42|42-46 CM|18.129999999999999|4|R |600.2625|M |W |Road-550-W|2012-07-01 00:00:00|2008-12-27 00:00:00|
386|BK-R64Y-42|2|LB |CM |Road-550-W Yellow, 42|713.0798|True|Yellow|100|75|1120.49|42|42-46 CM|18.129999999999999|4|R |672.294|M |W |Road-550-W|2013-07-01 00:00:00||Current
387|BK-R64Y-44|2|LB |CM |Road-550-W Yellow, 44|605.6492|True|Yellow|100|75|1000.4375|44|42-46 CM|18.420000000000002|4|R |600.2625|M |W |Road-550-W|2012-07-01 00:00:00|2008-12-27 00:00:00|
388|BK-R64Y-44|2|LB |CM |Road-550-W Yellow, 44|713.0798|True|Yellow|100|75|1120.49|44|42-46 CM|18.420000000000002|4|R |672.294|M |W |Road-550-W|2013-07-01 00:00:00||Current
389|BK-R64Y-48|2|LB |CM |Road-550-W Yellow, 48|605.6492|True|Yellow|100|75|1000.4375|48|48-52 CM|18.68|4|R |600.2625|M |W |Road-550-W|2012-07-01 00:00:00|2008-12-27 00:00:00|
390|BK-R64Y-48|2|LB |CM |Road-550-W Yellow, 48|713.0798|True|Yellow|100|75|1120.49|48|48-52 CM|18.68|4|R |672.294|M |W |Road-550-W|2013-07-01 00:00:00||Current
391|FK-1639|10|||LL Fork|65.8097|True|NA|500|375|148.22||NA||1||88.932|L ||LL Fork|2012-07-01 00:00:00|2008-12-27 00:00:00|
392|FK-5136|10|||ML Fork|77.9176|True|NA|500|375|175.49||NA||1||105.294|M ||ML Fork|2012-07-01 00:00:00|2008-12-27 00:00:00|
393|FK-9939|10|||HL Fork|101.8936|True|NA|500|375|229.49||NA||1||137.694|H ||HL Fork|2012-07-01 00:00:00|2008-12-27 00:00:00|
394|HS-0296|11|||LL Headset|15.1848|True|NA|500|375|34.2||NA||1||20.52|L ||LL Headset|2012-07-01 00:00:00|2008-12-27 00:00:00|
395|HS-2451|11|||ML Headset|45.4168|True|NA|500|375|102.29||NA||1||61.374|M ||ML Headset|2012-07-01 00:00:00|2008-12-27 00:00:00|
396|HS-3479|11|||HL Headset|55.3801|True|NA|500|375|124.73||NA||1||74.838|H ||HL Headset|2012-07-01 00:00:00|2008-12-27 00:00:00|
397|HB-M243|4|||LL Mountain Handlebars|17.978|True|NA|500|375|40.4909||NA||1|M |24.2945|L ||LL Mountain Handlebars|2012-07-01 00:00:00|2008-12-27 00:00:00|
398|HB-M243|4|||LL Mountain Handlebars|19.7758|True|NA|500|375|44.54||NA||1|M |26.724|L ||LL Mountain Handlebars|2013-07-01 00:00:00||Current
399|HB-M763|4|||ML Mountain Handlebars|24.9932|True|NA|500|375|56.2909||NA||1|M |33.7745|M ||ML Mountain Handlebars|2012-07-01 00:00:00|2008-12-27 00:00:00|
400|HB-M763|4|||ML Mountain Handlebars|27.4925|True|NA|500|375|61.92||NA||1|M |37.152|M ||ML Mountain Handlebars|2013-07-01 00:00:00||Current
401|HB-M918|4|||HL Mountain Handlebars|48.5453|True|NA|500|375|109.3364||NA||1|M |65.6018|H ||HL Mountain Handlebars|2012-07-01 00:00:00|2008-12-27 00:00:00|
402|HB-M918|4|||HL Mountain Handlebars|53.3999|True|NA|500|375|120.27||NA||1|M |72.162|H ||HL Mountain Handlebars|2013-07-01 00:00:00||Current
403|HB-R504|4|||LL Road Handlebars|17.978|True|NA|500|375|40.4909||NA||1|R |24.2945|L ||LL Road Handlebars|2012-07-01 00:00:00|2008-12-27 00:00:00|
404|HB-R504|4|||LL Road Handlebars|19.7758|True|NA|500|375|44.54||NA||1|R |26.724|L ||LL Road Handlebars|2013-07-01 00:00:00||Current
405|HB-R720|4|||ML Road Handlebars|24.9932|True|NA|500|375|56.2909||NA||1|R |33.7745|M ||ML Road Handlebars|2012-07-01 00:00:00|2008-12-27 00:00:00|
406|HB-R720|4|||ML Road Handlebars|27.4925|True|NA|500|375|61.92||NA||1|R |37.152|M ||ML Road Handlebars|2013-07-01 00:00:00||Current
407|HB-R956|4|||HL Road Handlebars|48.5453|True|NA|500|375|109.3364||NA||1|R |65.6018|H ||HL Road Handlebars|2012-07-01 00:00:00|2008-12-27 00:00:00|
408|HB-R956|4|||HL Road Handlebars|53.3999|True|NA|500|375|120.27||NA||1|R |72.162|H ||HL Road Handlebars|2013-07-01 00:00:00||Current
409|FR-M63B-38|12|LB |CM |ML Mountain Frame - Black, 38|185.8193|True|Black|500|375|348.76|38|38-40 CM|2.73|2|M |209.256|M |U |ML Mountain Frame-W|2012-07-01 00:00:00|2008-12-27 00:00:00|
410|FW-M423|17|||LL Mountain Front Wheel|26.9708|True|Black|500|375|60.745||NA||1|M |36.447|L ||LL Mountain Front Wheel|2012-07-01 00:00:00|2008-12-27 00:00:00|
411|FW-M762|17|||ML Mountain Front Wheel|92.8071|True|Black|500|375|209.025||NA||1|M |125.415|M ||ML Mountain Front Wheel|2012-07-01 00:00:00|2008-12-27 00:00:00|
412|FW-M928|17|||HL Mountain Front Wheel|133.2955|True|Black|500|375|300.215||NA||1|M |180.129|H ||HL Mountain Front Wheel|2012-07-01 00:00:00|2008-12-27 00:00:00|
413|FW-R623|17|G  ||LL Road Front Wheel|37.9909|True|Black|500|375|85.565||NA|900|1|R |51.339|L ||LL Road Front Wheel|2012-07-01 00:00:00|2008-12-27 00:00:00|
414|FW-R762|17|G  ||ML Road Front Wheel|110.2829|True|Black|500|375|248.385||NA|850|1|R |149.031|M ||ML Road Front Wheel|2012-07-01 00:00:00|2008-12-27 00:00:00|
415|FW-R820|17|G  ||HL Road Front Wheel|146.5466|True|Black|500|375|330.06||NA|650|1|R |198.036|H ||HL Road Front Wheel|2012-07-01 00:00:00|2008-12-27 00:00:00|
416|FW-T905|17|||Touring Front Wheel|96.7964|True|Black|500|375|218.01||NA||1|T |130.806|||Touring Front Wheel|2012-07-01 00:00:00|2008-12-27 00:00:00|
417|FR-R72Y-38|14|LB |CM |ML Road Frame-W - Yellow, 38|300.1188|True|Yellow|500|375|540.7545|38|38-40 CM|2.1800000000000002|2|R |324.4527|M |W |ML Road Frame-W|2012-07-01 00:00:00|2008-12-27 00:00:00|
418|FR-R72Y-38|14|LB |CM |ML Road Frame-W - Yellow, 38|360.9428|True|Yellow|500|375|594.83|38|38-40 CM|2.1800000000000002|2|R |356.898|M |W |ML Road Frame-W|2013-07-01 00:00:00||Current
419|RW-M423|17|||LL Mountain Rear Wheel|38.9588|True|Black|500|375|87.745||NA||1|M |52.647|L ||LL Mountain Rear Wheel|2012-07-01 00:00:00|2008-12-27 00:00:00|
420|RW-M762|17|||ML Mountain Rear Wheel|104.7951|True|Black|500|375|236.025||NA||1|M |141.615|M ||ML Mountain Rear Wheel|2012-07-01 00:00:00|2008-12-27 00:00:00|
421|RW-M928|17|||HL Mountain Rear Wheel|145.2835|True|Black|500|375|327.215||NA||1|M |196.329|H ||HL Mountain Rear Wheel|2012-07-01 00:00:00|2008-12-27 00:00:00|
422|RW-R623|17|G  ||LL Road Rear Wheel|49.9789|True|Black|500|375|112.565||NA|1050|1|R |67.539|L ||LL Road Rear Wheel|2012-07-01 00:00:00|2008-12-27 00:00:00|
423|RW-R762|17|G  ||ML Road Rear Wheel|122.2709|True|Black|500|375|275.385||NA|1000|1|R |165.231|M ||ML Road Rear Wheel|2012-07-01 00:00:00|2008-12-27 00:00:00|
424|RW-R820|17|G  ||HL Road Rear Wheel|158.5346|True|Black|500|375|357.06||NA|890|1|R |214.236|H ||HL Road Rear Wheel|2012-07-01 00:00:00|2008-12-27 00:00:00|
425|RW-T905|17|||Touring Rear Wheel|108.7844|True|Black|500|375|245.01||NA||1|T |147.006|||Touring Rear Wheel|2012-07-01 00:00:00|2008-12-27 00:00:00|
426|FR-M63B-40|12|LB |CM |ML Mountain Frame - Black, 40|185.8193|True|Black|500|375|348.76|40|38-40 CM|2.77|1|M |209.256|M |U |ML Mountain Frame|2012-07-01 00:00:00|2008-12-27 00:00:00|
427|FR-M63B-44|12|LB |CM |ML Mountain Frame - Black, 44|185.8193|True|Black|500|375|348.76|44|42-46 CM|2.8100000000000001|1|M |209.256|M |U |ML Mountain Frame|2012-07-01 00:00:00|2008-12-27 00:00:00|
428|FR-M63B-48|12|LB |CM |ML Mountain Frame - Black, 48|185.8193|True|Black|500|375|348.76|48|48-52 CM|2.8500000000000001|1|M |209.256|M |U |ML Mountain Frame|2012-07-01 00:00:00|2008-12-27 00:00:00|
429|FR-R72Y-40|14|LB |CM |ML Road Frame-W - Yellow, 40|300.1188|True|Yellow|500|375|540.7545|40|38-40 CM|2.2200000000000002|1|R |324.4527|M |W |ML Road Frame-W|2012-07-01 00:00:00|2008-12-27 00:00:00|
430|FR-R72Y-40|14|LB |CM |ML Road Frame-W - Yellow, 40|360.9428|True|Yellow|500|375|594.83|40|38-40 CM|2.2200000000000002|1|R |356.898|M |W |ML Road Frame-W|2013-07-01 00:00:00||Current
431|FR-R72Y-42|14|LB |CM |ML Road Frame-W - Yellow, 42|300.1188|True|Yellow|500|375|540.7545|42|42-46 CM|2.2599999999999998|1|R |324.4527|M |W |ML Road Frame-W|2012-07-01 00:00:00|2008-12-27 00:00:00|
432|FR-R72Y-42|14|LB |CM |ML Road Frame-W - Yellow, 42|360.9428|True|Yellow|500|375|594.83|42|42-46 CM|2.2599999999999998|1|R |356.898|M |W |ML Road Frame-W|2013-07-01 00:00:00||Current
433|FR-R72Y-44|14|LB |CM |ML Road Frame-W - Yellow, 44|300.1188|True|Yellow|500|375|540.7545|44|42-46 CM|2.2999999999999998|1|R |324.4527|M |W |ML Road Frame-W|2012-07-01 00:00:00|2008-12-27 00:00:00|
434|FR-R72Y-44|14|LB |CM |ML Road Frame-W - Yellow, 44|360.9428|True|Yellow|500|375|594.83|44|42-46 CM|2.2999999999999998|1|R |356.898|M |W |ML Road Frame-W|2013-07-01 00:00:00||Current
435|FR-R72Y-48|14|LB |CM |ML Road Frame-W - Yellow, 48|300.1188|True|Yellow|500|375|540.7545|48|48-52 CM|2.3399999999999999|1|R |324.4527|M |W |ML Road Frame-W|2012-07-01 00:00:00|2008-12-27 00:00:00|
436|FR-R72Y-48|14|LB |CM |ML Road Frame-W - Yellow, 48|360.9428|True|Yellow|500|375|594.83|48|48-52 CM|2.3399999999999999|1|R |356.898|M |W |ML Road Frame-W|2013-07-01 00:00:00||Current
437|FR-R92B-62|14|LB |CM |HL Road Frame - Black, 62|722.2568|True|Black|500|375|1301.3636|62|60-62 CM|2.2999999999999998|1|R |780.8182|H |U |HL Road Frame|2012-07-01 00:00:00|2008-12-27 00:00:00|
438|FR-R92B-62|14|LB |CM |HL Road Frame - Black, 62|868.6342|True|Black|500|375|1431.5|62|60-62 CM|2.2999999999999998|1|R |858.9|H |U |HL Road Frame|2013-07-01 00:00:00||Current
439|FR-R92B-44|14|LB |CM |HL Road Frame - Black, 44|722.2568|True|Black|500|375|1301.3636|44|42-46 CM|2.1200000000000001|1|R |780.8182|H |U |HL Road Frame|2012-07-01 00:00:00|2008-12-27 00:00:00|
440|FR-R92B-44|14|LB |CM |HL Road Frame - Black, 44|868.6342|True|Black|500|375|1431.5|44|42-46 CM|2.1200000000000001|1|R |858.9|H |U |HL Road Frame|2013-07-01 00:00:00||Current
441|FR-R92B-48|14|LB |CM |HL Road Frame - Black, 48|722.2568|True|Black|500|375|1301.3636|48|48-52 CM|2.1600000000000001|1|R |780.8182|H |U |HL Road Frame|2012-07-01 00:00:00|2008-12-27 00:00:00|
442|FR-R92B-48|14|LB |CM |HL Road Frame - Black, 48|868.6342|True|Black|500|375|1431.5|48|48-52 CM|2.1600000000000001|1|R |858.9|H |U |HL Road Frame|2013-07-01 00:00:00||Current
443|FR-R92B-52|14|LB |CM |HL Road Frame - Black, 52|722.2568|True|Black|500|375|1301.3636|52|48-52 CM|2.2000000000000002|1|R |780.8182|H |U |HL Road Frame|2012-07-01 00:00:00|2008-12-27 00:00:00|
444|FR-R92B-52|14|LB |CM |HL Road Frame - Black, 52|868.6342|True|Black|500|375|1431.5|52|48-52 CM|2.2000000000000002|1|R |858.9|H |U |HL Road Frame|2013-07-01 00:00:00||Current
445|SH-M897-S|22|||Men's Sports Shorts, S|24.7459|True|Black|4|3|59.99|S|S||0|S |35.994||M |Men's Sports Shorts|2012-07-01 00:00:00|2008-12-27 00:00:00|
446|PA-T100|35|||Touring-Panniers, Large|51.5625|True|Grey|4|3|125||NA||0|T |75|||Touring-Panniers|2012-07-01 00:00:00|2008-12-27 00:00:00|
447|LO-C100|34|||Cable Lock|10.3125|True|NA|4|3|25||NA||0|S |15|||Cable Lock|2012-07-01 00:00:00|2008-12-27 00:00:00|
448|PU-0452|36|||Minipump|8.2459|True|NA|4|3|19.99||NA||0|S |11.994|||Minipump|2012-07-01 00:00:00|2008-12-27 00:00:00|
449|PU-M044|36|||Mountain Pump|10.3084|True|NA|4|3|24.99||NA||0|M |14.994|||Mountain Pump|2012-07-01 00:00:00|2008-12-27 00:00:00|
450|LT-T990|33|||Taillights - Battery-Powered|5.7709|True|NA|4|3|13.99||NA||0|R |8.394|||Taillight|2012-07-01 00:00:00|2008-12-27 00:00:00|
451|LT-H902|33|||Headlights - Dual-Beam|14.4334|True|NA|4|3|34.99||NA||0|R |20.994|||Headlights - Dual-Beam|2012-07-01 00:00:00|2008-12-27 00:00:00|
452|LT-H903|33|||Headlights - Weatherproof|18.5584|True|NA|4|3|44.99||NA||0|R |26.994|||Headlights - Weatherproof|2012-07-01 00:00:00|2008-12-27 00:00:00|
453|SH-M897-M|22|||Men's Sports Shorts, M|24.7459|True|Black|4|3|59.99|M|M||0|S |35.994||M |Men's Sports Shorts|2012-07-01 00:00:00|2008-12-27 00:00:00|
454|SH-M897-L|22|||Men's Sports Shorts, L|24.7459|True|Black|4|3|59.99|L|L||0|S |35.994||M |Men's Sports Shorts|2012-07-01 00:00:00|2008-12-27 00:00:00|
455|SH-M897-X|22|||Men's Sports Shorts, XL|24.7459|True|Black|4|3|59.99|XL|XL||0|S |35.994||M |Men's Sports Shorts|2012-07-01 00:00:00|2008-12-27 00:00:00|
456|TG-W091-S|24|||Women's Tights, S|30.9334|True|Black|4|3|74.99|S|S||0|S |44.994||W |Women's Tights|2012-07-01 00:00:00|2008-12-27 00:00:00|
457|TG-W091-M|24|||Women's Tights, M|30.9334|True|Black|4|3|74.99|M|M||0|S |44.994||W |Women's Tights|2012-07-01 00:00:00|2008-12-27 00:00:00|
458|TG-W091-L|24|||Women's Tights, L|30.9334|True|Black|4|3|74.99|L|L||0|S |44.994||W |Women's Tights|2012-07-01 00:00:00|2008-12-27 00:00:00|
459|SB-M891-S|18|||Men's Bib-Shorts, S|37.1209|True|Multi|4|3|89.99|S|S||0|S |53.994||M |Men's Bib-Shorts|2012-07-01 00:00:00|2008-12-27 00:00:00|
460|SB-M891-M|18|||Men's Bib-Shorts, M|37.1209|True|Multi|4|3|89.99|M|M||0|S |53.994||M |Men's Bib-Shorts|2012-07-01 00:00:00|2008-12-27 00:00:00|
461|SB-M891-L|18|||Men's Bib-Shorts, L|37.1209|True|Multi|4|3|89.99|L|L||0|S |53.994||M |Men's Bib-Shorts|2012-07-01 00:00:00|2008-12-27 00:00:00|
462|GL-H102-S|20|||Half-Finger Gloves, S|9.7136|True|Black|4|3|23.5481|S|S||0|S |14.1289||U |Half-Finger Gloves|2012-07-01 00:00:00|2008-12-27 00:00:00|
463|GL-H102-S|20|||Half-Finger Gloves, S|9.1593|True|Black|4|3|24.49|S|S||0|S |14.694||U |Half-Finger Gloves|2013-07-01 00:00:00||Current
464|GL-H102-M|20|||Half-Finger Gloves, M|9.7136|True|Black|4|3|23.5481|M|M||0|S |14.1289||U |Half-Finger Gloves|2012-07-01 00:00:00|2008-12-27 00:00:00|
465|GL-H102-M|20|||Half-Finger Gloves, M|9.1593|True|Black|4|3|24.49|M|M||0|S |14.694||U |Half-Finger Gloves|2013-07-01 00:00:00||Current
466|GL-H102-L|20|||Half-Finger Gloves, L|9.7136|True|Black|4|3|23.5481|L|L||0|S |14.1289||U |Half-Finger Gloves|2012-07-01 00:00:00|2008-12-27 00:00:00|
467|GL-H102-L|20|||Half-Finger Gloves, L|9.1593|True|Black|4|3|24.49|L|L||0|S |14.694||U |Half-Finger Gloves|2013-07-01 00:00:00||Current
468|GL-F110-S|20|||Full-Finger Gloves, S|15.6709|True|Black|4|3|37.99|S|S||0|M |22.794||U |Full-Finger Gloves|2012-07-01 00:00:00|2008-12-27 00:00:00|
469|GL-F110-M|20|||Full-Finger Gloves, M|15.6709|True|Black|4|3|37.99|M|M||0|M |22.794||U |Full-Finger Gloves|2012-07-01 00:00:00|2008-12-27 00:00:00|
470|GL-F110-L|20|||Full-Finger Gloves, L|15.6709|True|Black|4|3|37.99|L|L||0|M |22.794||U |Full-Finger Gloves|2012-07-01 00:00:00|2008-12-27 00:00:00|
471|VE-C304-S|25|||Classic Vest, S|23.749|True|Blue|4|3|63.5|S|S||0|S |38.1||U |Classic Vest|2013-07-01 00:00:00||Current
472|VE-C304-M|25|||Classic Vest, M|23.749|True|Blue|4|3|63.5|M|M||0|S |38.1||U |Classic Vest|2013-07-01 00:00:00||Current
473|VE-C304-L|25|||Classic Vest, L|23.749|True|Blue|4|3|63.5|L|L||0|S |38.1||U |Classic Vest|2013-07-01 00:00:00||Current
474|SH-W890-S|22|||Women's Mountain Shorts, S|26.1763|True|Black|4|3|69.99|S|S||0|M |41.994||W |Women's Mountain Shorts|2013-07-01 00:00:00||Current
475|SH-W890-M|22|||Women's Mountain Shorts, M|26.1763|True|Black|4|3|69.99|M|M||0|M |41.994||W |Women's Mountain Shorts|2013-07-01 00:00:00||Current
476|SH-W890-L|22|||Women's Mountain Shorts, L|26.1763|True|Black|4|3|69.99|L|L||0|M |41.994||W |Women's Mountain Shorts|2013-07-01 00:00:00||Current
477|WB-H098|28|||Water Bottle - 30 oz.|1.8663|True|NA|4|3|4.99||NA||0|S |2.994|||Water Bottle|2013-07-01 00:00:00||Current
478|BC-M005|28|||Mountain Bottle Cage|3.7363|True|NA|4|3|9.99||NA||0|M |5.994|||Mountain Bottle Cage|2013-07-01 00:00:00||Current
479|BC-R205|28|||Road Bottle Cage|3.3623|True|NA|4|3|8.99||NA||0|R |5.394|||Road Bottle Cage|2013-07-01 00:00:00||Current
480|PK-7098|37|||Patch Kit/8 Patches|0.8565|True|NA|4|3|2.29||NA||0|S |1.374|||Patch kit|2013-07-01 00:00:00||Current
481|SO-R809-M|23|||Racing Socks, M|3.3623|True|White|4|3|8.99|M|M||0|R |5.394||U |Racing Socks|2013-07-01 00:00:00||Current
482|SO-R809-L|23|||Racing Socks, L|3.3623|True|White|4|3|8.99|L|L||0|R |5.394||U |Racing Socks|2013-07-01 00:00:00||Current
483|RA-H123|26|||Hitch Rack - 4-Bike|44.88|True|NA|4|3|120||NA||0|S |72|||Hitch Rack - 4-Bike|2013-07-01 00:00:00||Current
484|CL-9009|29|||Bike Wash - Dissolver|2.9733|True|NA|4|3|7.95||NA||0|S |4.77|||Bike Wash|2013-07-01 00:00:00||Current
485|FE-6654|30|||Fender Set - Mountain|8.2205|True|NA|4|3|21.98||NA||0|M |13.188|||Fender Set - Mountain|2013-07-01 00:00:00||Current
486|ST-1401|27|||All-Purpose Bike Stand|59.466|True|NA|4|3|159||NA||0|M |95.4|||All-Purpose Bike Stand|2013-07-01 00:00:00||Current
487|HY-1023-70|32|||Hydration Pack - 70 oz.|20.5663|True|Silver|4|3|54.99|70|70||0|S |32.994|||Hydration Pack|2013-07-01 00:00:00||Current
488|SJ-0194-S|21|||Short-Sleeve Classic Jersey, S|41.5723|True|Yellow|4|3|53.99|S|S||0|S |32.394||U |Short-Sleeve Classic Jersey|2013-07-01 00:00:00||Current
489|SJ-0194-M|21|||Short-Sleeve Classic Jersey, M|41.5723|True|Yellow|4|3|53.99|M|M||0|S |32.394||U |Short-Sleeve Classic Jersey|2013-07-01 00:00:00||Current
490|SJ-0194-L|21|||Short-Sleeve Classic Jersey, L|41.5723|True|Yellow|4|3|53.99|L|L||0|S |32.394||U |Short-Sleeve Classic Jersey|2013-07-01 00:00:00||Current
491|SJ-0194-X|21|||Short-Sleeve Classic Jersey, XL|41.5723|True|Yellow|4|3|53.99|XL|XL||0|S |32.394||U |Short-Sleeve Classic Jersey|2013-07-01 00:00:00||Current
492|FR-T98Y-60|16|LB |CM |HL Touring Frame - Yellow, 60|601.7437|True|Yellow|500|375|1003.91|60|60-62 CM|3.0800000000000001|1|T |602.346|H |U |HL Touring Frame|2013-07-01 00:00:00||Current
493|FR-T67Y-62|16|LB |CM |LL Touring Frame - Yellow, 62|199.8519|True|Yellow|500|375|333.42|62|60-62 CM|3.2000000000000002|1|T |200.052|L |U |LL Touring Frame|2013-07-01 00:00:00||Current
494|FR-T98Y-46|16|LB |CM |HL Touring Frame - Yellow, 46|601.7437|True|Yellow|500|375|1003.91|46|42-46 CM|2.96|1|T |602.346|H |U |HL Touring Frame|2013-07-01 00:00:00||Current
495|FR-T98Y-50|16|LB |CM |HL Touring Frame - Yellow, 50|601.7437|True|Yellow|500|375|1003.91|50|48-52 CM|3|1|T |602.346|H |U |HL Touring Frame|2013-07-01 00:00:00||Current
496|FR-T98Y-54|16|LB |CM |HL Touring Frame - Yellow, 54|601.7437|True|Yellow|500|375|1003.91|54|54-58 CM|3.04|1|T |602.346|H |U |HL Touring Frame|2013-07-01 00:00:00||Current
497|FR-T98U-46|16|LB |CM |HL Touring Frame - Blue, 46|601.7437|True|Blue|500|375|1003.91|46|42-46 CM|2.96|1|T |602.346|H |U |HL Touring Frame|2013-07-01 00:00:00||Current
498|FR-T98U-50|16|LB |CM |HL Touring Frame - Blue, 50|601.7437|True|Blue|500|375|1003.91|50|48-52 CM|3|1|T |602.346|H |U |HL Touring Frame|2013-07-01 00:00:00||Current
499|FR-T98U-54|16|LB |CM |HL Touring Frame - Blue, 54|601.7437|True|Blue|500|375|1003.91|54|54-58 CM|3.04|1|T |602.346|H |U |HL Touring Frame|2013-07-01 00:00:00||Current
500|FR-T98U-60|16|LB |CM |HL Touring Frame - Blue, 60|601.7437|True|Blue|500|375|1003.91|60|60-62 CM|3.0800000000000001|1|T |602.346|H |U |HL Touring Frame|2013-07-01 00:00:00||Current
501|RD-2308|9|G  ||Rear Derailleur|53.9282|True|Silver|500|375|121.46||NA|215|1||72.876|||Rear Derailleur|2013-07-01 00:00:00||Current
502|FR-T67U-50|16|LB |CM |LL Touring Frame - Blue, 50|199.8519|True|Blue|500|375|333.42|50|48-52 CM|3.1000000000000001|1|T |200.052|L |U |LL Touring Frame|2013-07-01 00:00:00||Current
503|FR-T67U-54|16|LB |CM |LL Touring Frame - Blue, 54|199.8519|True|Blue|500|375|333.42|54|54-58 CM|3.1400000000000001|1|T |200.052|L |U |LL Touring Frame|2013-07-01 00:00:00||Current
504|FR-T67U-58|16|LB |CM |LL Touring Frame - Blue, 58|199.8519|True|Blue|500|375|333.42|58|54-58 CM|3.1600000000000001|1|T |200.052|L |U |LL Touring Frame|2013-07-01 00:00:00||Current
505|FR-T67U-62|16|LB |CM |LL Touring Frame - Blue, 62|199.8519|True|Blue|500|375|333.42|62|60-62 CM|3.2000000000000002|1|T |200.052|L |U |LL Touring Frame|2013-07-01 00:00:00||Current
506|FR-T67Y-44|16|LB |CM |LL Touring Frame - Yellow, 44|199.8519|True|Yellow|500|375|333.42|44|42-46 CM|3.02|1|T |200.052|L |U |LL Touring Frame|2013-07-01 00:00:00||Current
507|FR-T67Y-50|16|LB |CM |LL Touring Frame - Yellow, 50|199.8519|True|Yellow|500|375|333.42|50|48-52 CM|3.1000000000000001|1|T |200.052|L |U |LL Touring Frame|2013-07-01 00:00:00||Current
508|FR-T67Y-54|16|LB |CM |LL Touring Frame - Yellow, 54|199.8519|True|Yellow|500|375|333.42|54|54-58 CM|3.1400000000000001|1|T |200.052|L |U |LL Touring Frame|2013-07-01 00:00:00||Current
509|FR-T67Y-58|16|LB |CM |LL Touring Frame - Yellow, 58|199.8519|True|Yellow|500|375|333.42|58|54-58 CM|3.1600000000000001|1|T |200.052|L |U |LL Touring Frame|2013-07-01 00:00:00||Current
510|FR-T67U-44|16|LB |CM |LL Touring Frame - Blue, 44|199.8519|True|Blue|500|375|333.42|44|42-46 CM|3.02|1|T |200.052|L |U |LL Touring Frame|2013-07-01 00:00:00||Current
511|FR-M63S-40|12|LB |CM |ML Mountain Frame-W - Silver, 40|199.3757|True|Silver|500|375|364.09|40|38-40 CM|2.77|1|M |218.454|M |W |ML Mountain Frame-W|2013-07-01 00:00:00||Current
512|FR-M63S-42|12|LB |CM |ML Mountain Frame-W - Silver, 42|199.3757|True|Silver|500|375|364.09|42|42-46 CM|2.8100000000000001|1|M |218.454|M |W |ML Mountain Frame-W|2013-07-01 00:00:00||Current
513|FR-M63S-46|12|LB |CM |ML Mountain Frame-W - Silver, 46|199.3757|True|Silver|500|375|364.09|46|42-46 CM|2.8500000000000001|1|M |218.454|M |W |ML Mountain Frame-W|2013-07-01 00:00:00||Current
514|RB-9231|6|G  ||Rear Brakes|47.286|True|Silver|500|375|106.5||NA|317|1||63.9|||Rear Brakes|2013-07-01 00:00:00||Current
515|SE-M236|15|||LL Mountain Seat/Saddle|12.0413|True|NA|500|375|27.12||NA||1|M |16.272|L ||LL Mountain Seat/Saddle 2|2013-07-01 00:00:00||Current
516|SE-M798|15|||ML Mountain Seat/Saddle|17.3782|True|NA|500|375|39.14||NA||1|M |23.484|M ||ML Mountain Seat/Saddle 2|2013-07-01 00:00:00||Current
517|SE-M940|15|||HL Mountain Seat/Saddle|23.3722|True|NA|500|375|52.64||NA||1|M |31.584|H ||HL Mountain Seat/Saddle 2|2013-07-01 00:00:00||Current
518|SE-R581|15|||LL Road Seat/Saddle|12.0413|True|NA|500|375|27.12||NA||1|R |16.272|L ||LL Road Seat/Saddle 1|2013-07-01 00:00:00||Current
519|SE-R908|15|||ML Road Seat/Saddle|17.3782|True|NA|500|375|39.14||NA||1|T |23.484|M ||ML Road Seat/Saddle 2|2013-07-01 00:00:00||Current
520|SE-R995|15|||HL Road Seat/Saddle|23.3722|True|NA|500|375|52.64||NA||1|R |31.584|H ||HL Road Seat/Saddle 2|2013-07-01 00:00:00||Current
521|SE-T312|15|||LL Touring Seat/Saddle|12.0413|True|NA|500|375|27.12||NA||1|T |16.272|L ||LL Touring Seat/Saddle|2013-07-01 00:00:00||Current
522|SE-T762|15|||ML Touring Seat/Saddle|17.3782|True|NA|500|375|39.14||NA||1|T |23.484|M ||ML Touring Seat/Saddle|2013-07-01 00:00:00||Current
523|SE-T924|15|||HL Touring Seat/Saddle|23.3722|True|NA|500|375|52.64||NA||1|T |31.584|H ||HL Touring Seat/Saddle|2013-07-01 00:00:00||Current
524|FR-M21S-42|12|LB |CM |LL Mountain Frame - Silver, 42|144.5938|True|Silver|500|375|264.05|42|42-46 CM|2.9199999999999999|1|M |158.43|L |U |LL Mountain Frame|2013-07-01 00:00:00||Current
525|FR-M21S-44|12|LB |CM |LL Mountain Frame - Silver, 44|144.5938|True|Silver|500|375|264.05|44|42-46 CM|2.96|1|M |158.43|L |U |LL Mountain Frame|2013-07-01 00:00:00||Current
526|FR-M21S-48|12|LB |CM |LL Mountain Frame - Silver, 48|144.5938|True|Silver|500|375|264.05|48|48-52 CM|3|1|M |158.43|L |U |LL Mountain Frame|2013-07-01 00:00:00||Current
527|FR-M21S-52|12|LB |CM |LL Mountain Frame - Silver, 52|144.5938|True|Silver|500|375|264.05|52|48-52 CM|3.04|1|M |158.43|L |U |LL Mountain Frame|2013-07-01 00:00:00||Current
528|TT-M928|37|||Mountain Tire Tube|1.8663|True|NA|500|375|4.99||NA||0|M |2.994|||Mountain Tire Tube|2013-07-01 00:00:00||Current
529|TT-R982|37|||Road Tire Tube|1.4923|True|NA|500|375|3.99||NA||0|R |2.394|||Road Tire Tube|2013-07-01 00:00:00||Current
530|TT-T092|37|||Touring Tire Tube|1.8663|True|NA|500|375|4.99||NA||0|T |2.994|||Touring Tire Tube|2013-07-01 00:00:00||Current
531|FR-M21B-42|12|LB |CM |LL Mountain Frame - Black, 42|136.785|True|Black|500|375|249.79|42|42-46 CM|2.9199999999999999|1|M |149.874|L |U |LL Mountain Frame|2013-07-01 00:00:00||Current
532|FR-M21B-44|12|LB |CM |LL Mountain Frame - Black, 44|136.785|True|Black|500|375|249.79|44|42-46 CM|2.96|1|M |149.874|L |U |LL Mountain Frame|2013-07-01 00:00:00||Current
533|FR-M21B-48|12|LB |CM |LL Mountain Frame - Black, 48|136.785|True|Black|500|375|249.79|48|48-52 CM|3|1|M |149.874|L |U |LL Mountain Frame|2013-07-01 00:00:00||Current
534|FR-M21B-52|12|LB |CM |LL Mountain Frame - Black, 52|136.785|True|Black|500|375|249.79|52|48-52 CM|3.04|1|M |149.874|L |U |LL Mountain Frame|2013-07-01 00:00:00||Current
535|TI-M267|37|||LL Mountain Tire|9.3463|True|NA|500|375|24.99||NA||0|M |14.994|L ||LL Mountain Tire|2013-07-01 00:00:00||Current
536|TI-M602|37|||ML Mountain Tire|11.2163|True|NA|500|375|29.99||NA||0|M |17.994|M ||ML Mountain Tire|2013-07-01 00:00:00||Current
537|TI-M823|37|||HL Mountain Tire|13.09|True|NA|500|375|35||NA||0|M |21|H ||HL Mountain Tire|2013-07-01 00:00:00||Current
538|TI-R092|37|||LL Road Tire|8.0373|True|NA|500|375|21.49||NA||0|R |12.894|L ||LL Road Tire|2013-07-01 00:00:00||Current
539|TI-R628|37|||ML Road Tire|9.3463|True|NA|500|375|24.99||NA||0|R |14.994|M ||ML Road Tire|2013-07-01 00:00:00||Current
540|TI-R982|37|||HL Road Tire|12.1924|True|NA|500|375|32.6||NA||0|R |19.56|H ||HL Road Tire|2013-07-01 00:00:00||Current
541|TI-T723|37|||Touring Tire|10.8423|True|NA|500|375|28.99||NA||0|T |17.394|||Touring Tire|2013-07-01 00:00:00||Current
542|PD-M282|13|G  ||LL Mountain Pedal|17.9776|True|Silver/Black|500|375|40.49||NA|218|1|M |24.294|L ||LL Mountain Pedal|2013-07-01 00:00:00||Current
543|PD-M340|13|G  ||ML Mountain Pedal|27.568|True|Silver/Black|500|375|62.09||NA|215|1|M |37.254|M ||ML Mountain Pedal|2013-07-01 00:00:00||Current
544|PD-M562|13|G  ||HL Mountain Pedal|35.9596|True|Silver/Black|500|375|80.99||NA|185|1|M |48.594|H ||HL Mountain Pedal|2013-07-01 00:00:00||Current
545|PD-R347|13|G  ||LL Road Pedal|17.9776|True|Silver/Black|500|375|40.49||NA|189|1|R |24.294|L ||LL Road Pedal|2013-07-01 00:00:00||Current
546|PD-R563|13|G  ||ML Road Pedal|27.568|True|Silver/Black|500|375|62.09||NA|168|1|R |37.254|M ||ML Road Pedal|2013-07-01 00:00:00||Current
547|PD-R853|13|G  ||HL Road Pedal|35.9596|True|Silver/Black|500|375|80.99||NA|149|1|R |48.594|H ||HL Road Pedal|2013-07-01 00:00:00||Current
548|PD-T852|13|||Touring Pedal|35.9596|True|Silver/Black|500|375|80.99||NA||1|T |48.594|||Touring Pedal|2013-07-01 00:00:00||Current
549|FR-M63S-38|12|LB |CM |ML Mountain Frame-W - Silver, 38|199.3757|True|Silver|500|375|364.09|38|38-40 CM|2.73|2|M |218.454|M |W |ML Mountain Frame-W|2013-07-01 00:00:00||Current
550|FR-M21B-40|12|LB |CM |LL Mountain Frame - Black, 40|136.785|True|Black|500|375|249.79|40|38-40 CM|2.8799999999999999|2|M |149.874|L |U |LL Mountain Frame|2013-07-01 00:00:00||Current
551|FR-M21S-40|12|LB |CM |LL Mountain Frame - Silver, 40|144.5938|True|Silver|500|375|264.05|40|38-40 CM|2.8799999999999999|2|M |158.43|L |U |LL Mountain Frame|2013-07-01 00:00:00||Current
552|FD-2342|9|G  ||Front Derailleur|40.6216|True|Silver|500|375|91.49||NA|88|1||54.894|||Front Derailleur|2013-07-01 00:00:00||Current
553|HB-T721|4|||LL Touring Handlebars|20.464|True|NA|500|375|46.09||NA||1|T |27.654|L ||LL Touring Handlebars|2013-07-01 00:00:00||Current
554|HB-T928|4|||HL Touring Handlebars|40.6571|True|NA|500|375|91.57||NA||1|T |54.942|H ||HL Touring Handlebars|2013-07-01 00:00:00||Current
555|FB-9873|6|G  ||Front Brakes|47.286|True|Silver|500|375|106.5||NA|317|1||63.9|||Front Brakes|2013-07-01 00:00:00||Current
556|CS-4759|8|G  ||LL Crankset|77.9176|True|Black|500|375|175.49||NA|600|1||105.294|L ||LL Crankset|2013-07-01 00:00:00||Current
557|CS-6583|8|G  ||ML Crankset|113.8816|True|Black|500|375|256.49||NA|635|1||153.894|M ||ML Crankset|2013-07-01 00:00:00||Current
558|CS-9183|8|G  ||HL Crankset|179.8156|True|Black|500|375|404.99||NA|575|1||242.994|H ||HL Crankset|2013-07-01 00:00:00||Current
559|CH-0234|7|||Chain|8.9866|True|Silver|500|375|20.24||NA||1||12.144|||Chain|2013-07-01 00:00:00||Current
560|BK-T44U-60|3|LB |CM |Touring-2000 Blue, 60|755.1508|True|Blue|100|75|1214.85|60|60-62 CM|27.899999999999999|4|T |728.91|M |U |Touring-2000|2013-07-01 00:00:00||Current
561|BK-T79Y-46|3|LB |CM |Touring-1000 Yellow, 46|1481.9379|True|Yellow|100|75|2384.07|46|42-46 CM|25.129999999999999|4|T |1430.442|H |U |Touring-1000|2013-07-01 00:00:00||Current
562|BK-T79Y-50|3|LB |CM |Touring-1000 Yellow, 50|1481.9379|True|Yellow|100|75|2384.07|50|48-52 CM|25.420000000000002|4|T |1430.442|H |U |Touring-1000|2013-07-01 00:00:00||Current
563|BK-T79Y-54|3|LB |CM |Touring-1000 Yellow, 54|1481.9379|True|Yellow|100|75|2384.07|54|54-58 CM|25.68|4|T |1430.442|H |U |Touring-1000|2013-07-01 00:00:00||Current
564|BK-T79Y-60|3|LB |CM |Touring-1000 Yellow, 60|1481.9379|True|Yellow|100|75|2384.07|60|60-62 CM|25.899999999999999|4|T |1430.442|H |U |Touring-1000|2013-07-01 00:00:00||Current
565|BK-T18U-54|3|LB |CM |Touring-3000 Blue, 54|461.4448|True|Blue|100|75|742.35|54|54-58 CM|29.68|4|T |445.41|L |U |Touring-3000|2013-07-01 00:00:00||Current
566|BK-T18U-58|3|LB |CM |Touring-3000 Blue, 58|461.4448|True|Blue|100|75|742.35|58|54-58 CM|29.899999999999999|4|T |445.41|L |U |Touring-3000|2013-07-01 00:00:00||Current
567|BK-T18U-62|3|LB |CM |Touring-3000 Blue, 62|461.4448|True|Blue|100|75|742.35|62|60-62 CM|30|4|T |445.41|L |U |Touring-3000|2013-07-01 00:00:00||Current
568|BK-T18Y-44|3|LB |CM |Touring-3000 Yellow, 44|461.4448|True|Yellow|100|75|742.35|44|42-46 CM|28.77|4|T |445.41|L |U |Touring-3000|2013-07-01 00:00:00||Current
569|BK-T18Y-50|3|LB |CM |Touring-3000 Yellow, 50|461.4448|True|Yellow|100|75|742.35|50|48-52 CM|29.129999999999999|4|T |445.41|L |U |Touring-3000|2013-07-01 00:00:00||Current
570|BK-T18Y-54|3|LB |CM |Touring-3000 Yellow, 54|461.4448|True|Yellow|100|75|742.35|54|54-58 CM|29.420000000000002|4|T |445.41|L |U |Touring-3000|2013-07-01 00:00:00||Current
571|BK-T18Y-58|3|LB |CM |Touring-3000 Yellow, 58|461.4448|True|Yellow|100|75|742.35|58|54-58 CM|29.789999999999999|4|T |445.41|L |U |Touring-3000|2013-07-01 00:00:00||Current
572|BK-T18Y-62|3|LB |CM |Touring-3000 Yellow, 62|461.4448|True|Yellow|100|75|742.35|62|60-62 CM|30|4|T |445.41|L |U |Touring-3000|2013-07-01 00:00:00||Current
573|BK-T79U-46|3|LB |CM |Touring-1000 Blue, 46|1481.9379|True|Blue|100|75|2384.07|46|42-46 CM|25.129999999999999|4|T |1430.442|H |U |Touring-1000|2013-07-01 00:00:00||Current
574|BK-T79U-50|3|LB |CM |Touring-1000 Blue, 50|1481.9379|True|Blue|100|75|2384.07|50|48-52 CM|25.420000000000002|4|T |1430.442|H |U |Touring-1000|2013-07-01 00:00:00||Current
575|BK-T79U-54|3|LB |CM |Touring-1000 Blue, 54|1481.9379|True|Blue|100|75|2384.07|54|54-58 CM|25.68|4|T |1430.442|H |U |Touring-1000|2013-07-01 00:00:00||Current
576|BK-T79U-60|3|LB |CM |Touring-1000 Blue, 60|1481.9379|True|Blue|100|75|2384.07|60|60-62 CM|25.899999999999999|4|T |1430.442|H |U |Touring-1000|2013-07-01 00:00:00||Current
577|BK-T44U-46|3|LB |CM |Touring-2000 Blue, 46|755.1508|True|Blue|100|75|1214.85|46|42-46 CM|27.129999999999999|4|T |728.91|M |U |Touring-2000|2013-07-01 00:00:00||Current
578|BK-T44U-50|3|LB |CM |Touring-2000 Blue, 50|755.1508|True|Blue|100|75|1214.85|50|48-52 CM|27.420000000000002|4|T |728.91|M |U |Touring-2000|2013-07-01 00:00:00||Current
579|BK-T44U-54|3|LB |CM |Touring-2000 Blue, 54|755.1508|True|Blue|100|75|1214.85|54|54-58 CM|27.68|4|T |728.91|M |U |Touring-2000|2013-07-01 00:00:00||Current
580|BK-R79Y-40|2|LB |CM |Road-350-W Yellow, 40|1082.51|True|Yellow|100|75|1700.99|40|38-40 CM|15.35|4|R |1020.594|M |W |Road-350-W|2013-07-01 00:00:00||Current
581|BK-R79Y-42|2|LB |CM |Road-350-W Yellow, 42|1082.51|True|Yellow|100|75|1700.99|42|42-46 CM|15.77|4|R |1020.594|M |W |Road-350-W|2013-07-01 00:00:00||Current
582|BK-R79Y-44|2|LB |CM |Road-350-W Yellow, 44|1082.51|True|Yellow|100|75|1700.99|44|42-46 CM|16.129999999999999|4|R |1020.594|M |W |Road-350-W|2013-07-01 00:00:00||Current
583|BK-R79Y-48|2|LB |CM |Road-350-W Yellow, 48|1082.51|True|Yellow|100|75|1700.99|48|48-52 CM|16.420000000000002|4|R |1020.594|M |W |Road-350-W|2013-07-01 00:00:00||Current
584|BK-R19B-58|2|LB |CM |Road-750 Black, 58|343.6496|True|Black|100|75|539.99|58|54-58 CM|20.789999999999999|4|R |323.994|L |U |Road-750|2013-07-01 00:00:00||Current
585|BK-T18U-44|3|LB |CM |Touring-3000 Blue, 44|461.4448|True|Blue|100|75|742.35|44|42-46 CM|28.77|4|T |445.41|L |U |Touring-3000|2013-07-01 00:00:00||Current
586|BK-T18U-50|3|LB |CM |Touring-3000 Blue, 50|461.4448|True|Blue|100|75|742.35|50|48-52 CM|29.129999999999999|4|T |445.41|L |U |Touring-3000|2013-07-01 00:00:00||Current
587|BK-M38S-38|1|LB |CM |Mountain-400-W Silver, 38|419.7784|True|Silver|100|75|769.49|38|38-40 CM|26.350000000000001|4|M |461.694|M |W |Mountain-400-W|2013-07-01 00:00:00||Current
588|BK-M38S-40|1|LB |CM |Mountain-400-W Silver, 40|419.7784|True|Silver|100|75|769.49|40|38-40 CM|26.77|4|M |461.694|M |W |Mountain-400-W|2013-07-01 00:00:00||Current
589|BK-M38S-42|1|LB |CM |Mountain-400-W Silver, 42|419.7784|True|Silver|100|75|769.49|42|42-46 CM|27.129999999999999|4|M |461.694|M |W |Mountain-400-W|2013-07-01 00:00:00||Current
590|BK-M38S-46|1|LB |CM |Mountain-400-W Silver, 46|419.7784|True|Silver|100|75|769.49|46|42-46 CM|27.420000000000002|4|M |461.694|M |W |Mountain-400-W|2013-07-01 00:00:00||Current
591|BK-M18S-40|1|LB |CM |Mountain-500 Silver, 40|308.2179|True|Silver|100|75|564.99|40|38-40 CM|27.350000000000001|4|M |338.994|L |U |Mountain-500|2013-07-01 00:00:00||Current
592|BK-M18S-42|1|LB |CM |Mountain-500 Silver, 42|308.2179|True|Silver|100|75|564.99|42|42-46 CM|27.77|4|M |338.994|L |U |Mountain-500|2013-07-01 00:00:00||Current
593|BK-M18S-44|1|LB |CM |Mountain-500 Silver, 44|308.2179|True|Silver|100|75|564.99|44|42-46 CM|28.129999999999999|4|M |338.994|L |U |Mountain-500|2013-07-01 00:00:00||Current
594|BK-M18S-48|1|LB |CM |Mountain-500 Silver, 48|308.2179|True|Silver|100|75|564.99|48|48-52 CM|28.420000000000002|4|M |338.994|L |U |Mountain-500|2013-07-01 00:00:00||Current
595|BK-M18S-52|1|LB |CM |Mountain-500 Silver, 52|308.2179|True|Silver|100|75|564.99|52|48-52 CM|28.68|4|M |338.994|L |U |Mountain-500|2013-07-01 00:00:00||Current
596|BK-M18B-40|1|LB |CM |Mountain-500 Black, 40|294.5797|True|Black|100|75|539.99|40|38-40 CM|27.350000000000001|4|M |323.994|L |U |Mountain-500|2013-07-01 00:00:00||Current
597|BK-M18B-42|1|LB |CM |Mountain-500 Black, 42|294.5797|True|Black|100|75|539.99|42|42-46 CM|27.77|4|M |323.994|L |U |Mountain-500|2013-07-01 00:00:00||Current
598|BK-M18B-44|1|LB |CM |Mountain-500 Black, 44|294.5797|True|Black|100|75|539.99|44|42-46 CM|28.129999999999999|4|M |323.994|L |U |Mountain-500|2013-07-01 00:00:00||Current
599|BK-M18B-48|1|LB |CM |Mountain-500 Black, 48|294.5797|True|Black|100|75|539.99|48|48-52 CM|28.420000000000002|4|M |323.994|L |U |Mountain-500|2013-07-01 00:00:00||Current
600|BK-M18B-52|1|LB |CM |Mountain-500 Black, 52|294.5797|True|Black|100|75|539.99|52|48-52 CM|28.68|4|M |323.994|L |U |Mountain-500|2013-07-01 00:00:00||Current
601|BB-7421|5|G  ||LL Bottom Bracket|23.9716|True|NA|500|375|53.99||NA|223|1||32.394|L ||LL Bottom Bracket|2013-07-01 00:00:00||Current
602|BB-8107|5|G  ||ML Bottom Bracket|44.9506|True|NA|500|375|101.24||NA|168|1||60.744|M ||ML Bottom Bracket|2013-07-01 00:00:00||Current
603|BB-9108|5|G  ||HL Bottom Bracket|53.9416|True|NA|500|375|121.49||NA|170|1||72.894|H ||HL Bottom Bracket|2013-07-01 00:00:00||Current
604|BK-R19B-44|2|LB |CM |Road-750 Black, 44|343.6496|True|Black|100|75|539.99|44|42-46 CM|19.77|4|R |323.994|L |U |Road-750|2013-07-01 00:00:00||Current
605|BK-R19B-48|2|LB |CM |Road-750 Black, 48|343.6496|True|Black|100|75|539.99|48|48-52 CM|20.129999999999999|4|R |323.994|L |U |Road-750|2013-07-01 00:00:00||Current
606|BK-R19B-52|2|LB |CM |Road-750 Black, 52|343.6496|True|Black|100|75|539.99|52|48-52 CM|20.420000000000002|4|R |323.994|L |U |Road-750|2013-07-01 00:00:00||Current
